method,stage,task,diagnostic,all_delta_frobenius,old_adapter_sum_frobenius,cosine_with_old_adapter_sum
seq_lora,1,task1290_xsum_summarization,change_of_shared_adapter,1.6051168581986681,0.0,
seq_lora,2,task002_quoref_answer_generation,change_of_shared_adapter,1.4321728194434946,1.6051168581986688,-0.027596321958978844
seq_lora,3,task1510_evalution_relation_extraction,change_of_shared_adapter,1.808196233082003,2.1214716594799046,-0.04560096359891462
seq_lora,4,task1729_personachat_generate_next,change_of_shared_adapter,1.210339116621461,2.724034075839836,0.011356843444053724
seq_lora,5,task748_glucose_reverse_cause_event_detection,change_of_shared_adapter,1.8950834055840762,2.9933542327514404,-0.00858326135890248
seq_lora,6,medical_mts_dialog_note,change_of_shared_adapter,1.3972867512375065,3.529041073705151,-0.016714987553220238
seq_lora,7,medical_iu_xray_impression,change_of_shared_adapter,1.8578562462625778,3.773817060392938,0.03141938166762029
seq_lora,8,natural_vqav2,change_of_shared_adapter,1.0761160131987273,4.258391806504668,-0.008258842380813414
seq_lora,9,medical_vqa_rad,change_of_shared_adapter,1.3078212435988184,4.383632485862503,-0.054128499055931915
migu_lora,1,task1290_xsum_summarization,change_of_shared_adapter,1.6050988591481252,0.0,
migu_lora,2,task002_quoref_answer_generation,change_of_shared_adapter,1.1682906179475028,1.6050988591481254,-0.0027174244250336294
migu_lora,3,task1510_evalution_relation_extraction,change_of_shared_adapter,1.452694945692627,1.9826885201234454,-0.01647599345321551
migu_lora,4,task1729_personachat_generate_next,change_of_shared_adapter,0.8699327865538817,2.4385378180051016,0.025960963955868978
migu_lora,5,task748_glucose_reverse_cause_event_detection,change_of_shared_adapter,1.5463070014267424,2.610248082386056,-0.00747553859800182
migu_lora,6,medical_mts_dialog_note,change_of_shared_adapter,0.9217662105621837,3.023923640801804,0.002521627102976133
migu_lora,7,medical_iu_xray_impression,change_of_shared_adapter,1.3375104826520394,3.163514572457303,0.03666599651346466
migu_lora,8,natural_vqav2,change_of_shared_adapter,0.748436563251804,3.479517718937603,0.02141474191073479
migu_lora,9,medical_vqa_rad,change_of_shared_adapter,0.7541719370003064,3.5747359782027157,-0.06287704256800597
olora,1,task1290_xsum_summarization,new_adapter_unrouted,1.6051650923619427,0.0,
olora,2,task002_quoref_answer_generation,new_adapter_unrouted,1.7342007767508774,1.6051650923619427,2.6798466187654388e-05
olora,3,task1510_evalution_relation_extraction,new_adapter_unrouted,1.9763606168006773,2.363081992748382,-1.3273253233241156e-05
olora,4,task1729_personachat_generate_next,new_adapter_unrouted,1.355804931887006,3.080589848046193,2.470952220119292e-05
olora,5,task748_glucose_reverse_cause_event_detection,new_adapter_unrouted,2.40816511185542,3.3657758738060477,-0.00023616711408975318
olora,6,medical_mts_dialog_note,new_adapter_unrouted,1.5805821876344368,4.138100772967501,-0.00018943660933521458
olora,7,medical_iu_xray_impression,new_adapter_unrouted,2.099227202005201,4.429406280502544,0.00010429778268599212
olora,8,natural_vqav2,new_adapter_unrouted,1.0931952715770168,4.901870503576078,3.293653129223e-05
olora,9,medical_vqa_rad,new_adapter_unrouted,1.08324693409224,5.022326485775007,-0.0001260012532253382
sapt_lora,1,task1290_xsum_summarization,new_adapter_unrouted,1.6087918322297934,0.0,
sapt_lora,2,task002_quoref_answer_generation,new_adapter_unrouted,1.156652902568296,1.6087918322297934,-0.001350504570265991
sapt_lora,3,task1510_evalution_relation_extraction,new_adapter_unrouted,2.903470086442876,1.9801593424626134,-0.0007151095045806609
sapt_lora,4,task1729_personachat_generate_next,new_adapter_unrouted,1.0400681556514018,3.513253016574132,0.0007667536231761107
sapt_lora,5,task748_glucose_reverse_cause_event_detection,new_adapter_unrouted,1.4820928740797723,3.664736279322185,0.0005348233974890008
sapt_lora,6,medical_mts_dialog_note,new_adapter_unrouted,0.8534189294020694,3.9538210694269056,9.43844313250309e-05
sapt_lora,7,medical_iu_xray_impression,new_adapter_unrouted,2.0351717350227028,4.04495511401705,0.0010472276382908125
sapt_lora,8,natural_vqav2,new_adapter_unrouted,1.2526705258477453,4.529992030320011,0.00013617409636692174
sapt_lora,9,medical_vqa_rad,new_adapter_unrouted,1.1753109000745896,4.700165603969744,0.0061691501499214875
