method,stage,task,rougeL,EM,token_f1,prediction_words,reference_words,unique_predictions,top_prediction,top_prediction_share,limit_hits,empty_predictions,negation_predictions,negation_references
seq_lora,0,task1290_xsum_summarization,16.073856116935463,0.0,17.098909307990905,25.58,20.87,200,cross who has admitted to murders said he hoped to die martyr after verdict was announced,0.005,2,0,18,15
seq_lora,0,task002_quoref_answer_generation,48.045723574670944,42.0,48.53435424224898,2.745,1.71,194,orchestra as very good one,0.015,0,0,1,0
seq_lora,0,task1510_evalution_relation_extraction,49.95362970362971,0.0,54.446969696969695,4.51,3.05,200,radio is member of tv,0.005,0,0,1,0
seq_lora,0,task1729_personachat_generate_next,11.953888136407185,0.0,10.031009867652374,15.92,10.17,182,im sorry but im not sure what you are asking for can you please provide more context or clarify your question,0.025,1,0,34,19
seq_lora,0,task748_glucose_reverse_cause_event_detection,38.1918645977141,0.0,34.412412780585235,17.98,12.79,198,causes b,0.01,16,0,8,5
seq_lora,0,medical_mts_dialog_note,18.427134736426233,0.0,22.264174885885005,69.975,38.375,200,clinical note poison control advised that patients ingestion of liquid was likely nontoxic ingestion as it was relatively small amount patients behavior suggests that she did not ingest any of liquid patient expressed gratitude for advice,0.005,19,0,121,92
seq_lora,0,medical_iu_xray_impression,10.358442428962062,0.0,12.327698168705286,53.105,9.15,200,chest radiograph reveals normal cardiomegaly with no evidence of cardiomegaly lungs appear hyperexpanded without focal consolidation pneumothorax or large pleural effusion right chest wall shows surgical clips consistent with prior lumpectomy there is no evidence of acute bone abnormality,0.005,4,0,190,141
seq_lora,0,natural_vqav2,87.19344070961718,84.0,86.11428571428571,1.165,1.055,95,yes,0.2,0,0,35,37
seq_lora,0,medical_vqa_rad,46.68431731667026,43.0,46.01965811965812,1.89,1.42,53,no,0.4,0,0,80,73
seq_lora,1,task1290_xsum_summarization,24.844775768725714,0.0,27.225566645710852,18.205,20.87,200,jury in kansas city has convicted man of killing three people at two jewish centres in april 2014,0.005,0,0,15,15
seq_lora,1,task002_quoref_answer_generation,52.795815295815295,44.5,52.839430014430015,2.105,1.71,194,giovanni battista barbirolli,0.015,0,0,0,0
seq_lora,1,task1510_evalution_relation_extraction,31.15,0.0,38.20238095238095,1.825,3.05,122,isa,0.265,0,0,0,0
seq_lora,1,task1729_personachat_generate_next,14.610460779146099,0.0,11.64036396098181,6.68,10.17,174,im sorry to hear that,0.065,0,0,14,19
seq_lora,1,task748_glucose_reverse_cause_event_detection,37.6848323858712,0.0,34.22924438793491,12.7,12.79,199,i causesenables i causesenables i causesenables i causesenables i causesenables i causesenables i causesenables i causesenables i causesenables i causesenables i causesenables i causesenables i causesenables i causesenables i causesenables i causesenables i causesenables i causesenables i causesenables i causesenables i causesenables i causesenables i causesenables i causesenables i causesenables i causesenables i causesenables i causesenables i causesenables i causesenables i causesenables i causesenables i causesenables i causesenables i causesenables i causesenables i causes,0.01,7,0,7,5
seq_lora,1,medical_mts_dialog_note,17.931774023189888,0.0,20.480831710652716,24.875,38.375,197,patient thank you doctor,0.01,3,0,70,92
seq_lora,1,medical_iu_xray_impression,10.03159144650114,0.0,12.180689172808142,52.425,9.15,200,chest radiograph demonstrates normal cardiomegaly with no evidence of cardiomegaly lungs appear normal without evidence of consolidation pneumothorax or large pleural effusion right chest wall shows surgical clips which are compatible with prior lumpectomy there is no evidence of acute bone abnormality,0.005,10,0,192,141
seq_lora,1,natural_vqav2,86.38888888888889,83.5,84.95238095238095,0.965,1.055,93,yes,0.2,0,0,35,37
seq_lora,1,medical_vqa_rad,50.574793507146445,46.5,49.802991452991456,1.855,1.42,50,no,0.39,0,0,78,73
seq_lora,2,task1290_xsum_summarization,24.72867953417153,0.0,26.501518699558677,17.32,20.87,200,jury in kansas city has convicted man of killing three people at two jewish centres in april 2014,0.005,0,0,11,15
seq_lora,2,task002_quoref_answer_generation,61.57121212121212,57.0,61.51601731601732,1.735,1.71,191,giovanni battista barbirolli,0.015,0,0,0,0
seq_lora,2,task1510_evalution_relation_extraction,20.183333333333334,0.0,26.7,1.475,3.05,75,isa,0.525,0,0,0,0
seq_lora,2,task1729_personachat_generate_next,15.402328400229694,0.0,11.660744443645575,6.42,10.17,167,im sorry to hear that,0.04,0,0,25,19
seq_lora,2,task748_glucose_reverse_cause_event_detection,35.85894116401669,0.0,31.31197878361302,13.76,12.79,199,i causesenables i,0.01,11,0,7,5
seq_lora,2,medical_mts_dialog_note,19.350582396234888,0.0,22.83620054496901,29.39,38.375,197,patient reports no allergies to medications,0.01,5,0,79,92
seq_lora,2,medical_iu_xray_impression,10.092526147611823,0.0,12.231722886161544,54.74,9.15,199,chest radiograph is unremarkable there are no abnormal findings,0.01,14,0,193,141
seq_lora,2,natural_vqav2,86.34126984126983,83.5,84.9047619047619,0.97,1.055,91,yes,0.2,0,0,35,37
seq_lora,2,medical_vqa_rad,51.47283272283272,47.5,50.705555555555556,1.83,1.42,47,no,0.345,0,0,69,73
seq_lora,3,task1290_xsum_summarization,24.205164132597904,0.0,26.06013509499228,17.01,20.87,200,white supremacist who shot dead three people at jewish community centre in kansas city has been sentenced to death,0.005,0,0,12,15
seq_lora,3,task002_quoref_answer_generation,61.47121212121212,57.0,61.66601731601732,1.76,1.71,192,orchestra as very good orchestra,0.015,0,0,0,0
seq_lora,3,task1510_evalution_relation_extraction,98.375,95.5,98.33333333333333,3.05,3.05,200,radio antonym tv,0.005,0,0,0,0
seq_lora,3,task1729_personachat_generate_next,13.498735589682848,0.0,11.190188713264195,5.98,10.17,175,yes i do,0.04,0,0,20,19
seq_lora,3,task748_glucose_reverse_cause_event_detection,37.317508312170695,0.0,32.939413204047625,12.505,12.79,196,i causesenables i,0.02,8,0,8,5
seq_lora,3,medical_mts_dialog_note,18.257926801762657,0.0,20.605159690011305,29.195,38.375,197,patient has high blood pressure,0.01,6,0,74,92
seq_lora,3,medical_iu_xray_impression,11.211336128404598,0.0,13.23061715151072,42.87,9.15,200,chest radiograph demonstrates normal cardiac silhouette without evidence of cardiomegaly or cardiomegaly lungs appear normal without evidence of consolidation pneumothorax or large pleural effusion there are no acute abnormalities of bones,0.005,3,0,190,141
seq_lora,3,natural_vqav2,85.78174603174604,83.0,84.03333333333333,0.955,1.055,92,yes,0.2,0,0,35,37
seq_lora,3,medical_vqa_rad,50.58949938949939,47.0,49.82222222222222,1.695,1.42,45,no,0.345,0,0,69,73
seq_lora,4,task1290_xsum_summarization,24.374112051005138,0.0,26.00354301864711,16.08,20.87,200,white supremacist who shot dead three people at jewish community centre in kansas city has been sentenced to death,0.005,0,0,12,15
seq_lora,4,task002_quoref_answer_generation,58.55930735930736,53.0,58.89642857142857,1.895,1.71,190,orchestra as very good orchestra,0.015,0,0,0,0
seq_lora,4,task1510_evalution_relation_extraction,93.14404761904761,81.0,93.56666666666666,3.025,3.05,200,radio antonym tv,0.005,0,0,0,0
seq_lora,4,task1729_personachat_generate_next,16.91555008184295,0.0,14.18177512426402,6.99,10.17,198,yes i do,0.015,0,0,37,19
seq_lora,4,task748_glucose_reverse_cause_event_detection,36.49013213917025,0.0,32.81286812877048,11.025,12.79,200,someone must be extra dry,0.005,5,0,7,5
seq_lora,4,medical_mts_dialog_note,8.526879900623113,0.0,8.55861194879518,8.46,38.375,160,thank you,0.06,0,0,37,92
seq_lora,4,medical_iu_xray_impression,11.431114578103887,0.0,13.109691622351823,40.46,9.15,187,chest radiograph is unremarkable,0.04,6,0,174,141
seq_lora,4,natural_vqav2,87.05555555555556,85.0,86.11904761904762,0.98,1.055,93,yes,0.2,0,0,35,37
seq_lora,4,medical_vqa_rad,51.633222333222335,48.5,51.33611111111111,1.275,1.42,47,yes,0.33,0,0,64,73
seq_lora,5,task1290_xsum_summarization,23.892161203748998,0.0,25.22502817116536,14.865,20.87,200,white supremacist who shot dead three people in jewish community centre in kansas city has been found guilty of murder,0.005,0,0,11,15
seq_lora,5,task002_quoref_answer_generation,57.70692640692641,52.5,57.76006493506493,1.845,1.71,191,suffolk regiment,0.015,0,0,0,0
seq_lora,5,task1510_evalution_relation_extraction,94.13571428571429,84.5,94.6,3.02,3.05,200,radio antonym tv,0.005,0,0,0,0
seq_lora,5,task1729_personachat_generate_next,16.556207675477363,0.0,14.218084520050127,6.06,10.17,192,yes i do,0.03,0,0,42,19
seq_lora,5,task748_glucose_reverse_cause_event_detection,63.4178234946456,2.5,60.49640880767065,12.1,12.79,200,all towels are wet causesenables someone is extra dry,0.005,0,0,5,5
seq_lora,5,medical_mts_dialog_note,12.008508916655707,0.0,12.17048350843537,11.08,38.375,182,no,0.02,1,0,44,92
seq_lora,5,medical_iu_xray_impression,11.322803385554606,0.0,13.172316774370406,36.93,9.15,191,chest radiograph is unremarkable,0.03,9,0,166,141
seq_lora,5,natural_vqav2,86.47222222222223,84.5,85.53571428571429,0.97,1.055,93,yes,0.2,0,0,35,37
seq_lora,5,medical_vqa_rad,53.08322233322233,49.5,52.38611111111111,1.305,1.42,47,yes,0.36,0,0,58,73
seq_lora,6,task1290_xsum_summarization,23.190143134063785,0.0,23.40041352555136,12.885,20.87,200,white supremacist who shot dead three people in jewish community center in kansas city missouri has been found guilty of murder,0.005,0,0,8,15
seq_lora,6,task002_quoref_answer_generation,61.57612665112665,56.0,61.75898268398269,1.825,1.71,191,giovanni battista barbirolli,0.015,0,0,0,0
seq_lora,6,task1510_evalution_relation_extraction,93.49404761904762,84.0,94.6,3.01,3.05,200,radio antonym tv,0.005,0,0,0,0
seq_lora,6,task1729_personachat_generate_next,16.753458646485285,0.0,14.031511977687439,6.295,10.17,194,yes i do,0.015,0,0,31,19
seq_lora,6,task748_glucose_reverse_cause_event_detection,61.96246396195629,2.5,59.69580339604438,12.13,12.79,200,all towels in house are wet causesenables someone is extra dry,0.005,0,0,7,5
seq_lora,6,medical_mts_dialog_note,20.08575066323944,3.0,19.96177327253439,15.755,38.375,163,none,0.085,11,0,49,92
seq_lora,6,medical_iu_xray_impression,12.843256947805747,0.0,14.365844600765563,40.665,9.15,188,no abnormality detected,0.03,12,0,177,141
seq_lora,6,natural_vqav2,87.55555555555556,86.0,86.5,0.945,1.055,92,yes,0.205,0,0,35,37
seq_lora,6,medical_vqa_rad,53.716483516483514,50.0,53.0,1.325,1.42,43,yes,0.375,0,0,55,73
seq_lora,7,task1290_xsum_summarization,23.276903354107016,0.0,22.75412140610527,11.535,20.87,200,white supremacist who shot dead three people in jewish community center in kansas city missouri has been found guilty of murder,0.005,0,0,10,15
seq_lora,7,task002_quoref_answer_generation,57.82612665112665,51.5,57.74697802197802,1.84,1.71,190,giovanni barbirolli,0.015,0,0,0,0
seq_lora,7,task1510_evalution_relation_extraction,92.48333333333333,81.5,93.86190476190475,3.015,3.05,200,radio antonym tv,0.005,0,0,0,0
seq_lora,7,task1729_personachat_generate_next,15.7870073095865,0.0,13.228639729638308,5.095,10.17,186,yes i do,0.02,0,0,32,19
seq_lora,7,task748_glucose_reverse_cause_event_detection,60.25954347775185,2.0,58.19269033248786,10.79,12.79,200,all towels are wet causesenables someone is extra dry,0.005,0,0,5,5
seq_lora,7,medical_mts_dialog_note,16.378814302752655,2.0,15.861952874681453,6.95,38.375,157,no,0.07,5,0,83,92
seq_lora,7,medical_iu_xray_impression,42.60851175210843,7.0,42.513762672092945,6.15,9.15,52,no acute cardiopulmonary abnormality,0.58,0,0,178,141
seq_lora,7,natural_vqav2,87.08333333333333,85.5,86.03333333333333,0.945,1.055,91,yes,0.205,0,0,35,37
seq_lora,7,medical_vqa_rad,51.77985347985348,48.5,51.22051282051282,1.305,1.42,45,yes,0.355,0,0,59,73
seq_lora,8,task1290_xsum_summarization,22.886951213707768,0.0,22.597520647450946,10.245,20.87,200,white supremacist who shot dead three people in jewish community center in kansas city missouri has been found guilty of murder,0.005,0,0,11,15
seq_lora,8,task002_quoref_answer_generation,59.75769230769231,52.5,59.97396214896215,1.765,1.71,190,giovanni barbirolli,0.015,0,0,0,0
seq_lora,8,task1510_evalution_relation_extraction,88.16785714285714,69.0,90.65238095238095,2.94,3.05,200,radio antonym tv,0.005,0,0,0,0
seq_lora,8,task1729_personachat_generate_next,16.00785882272556,0.0,13.678900373829368,4.9,10.17,182,yes i do,0.025,0,0,31,19
seq_lora,8,task748_glucose_reverse_cause_event_detection,57.14336072888284,2.0,56.01023002516422,10.2,12.79,200,all towels are wet causesenables someone is extra dry,0.005,0,0,6,5
seq_lora,8,medical_mts_dialog_note,15.705361201465214,2.0,15.891291647940397,6.42,38.375,164,no,0.07,5,0,80,92
seq_lora,8,medical_iu_xray_impression,42.81355600272439,7.5,42.815081272210826,6.7,9.15,46,no acute cardiopulmonary abnormality,0.595,1,0,182,141
seq_lora,8,natural_vqav2,88.95238095238095,87.0,87.86666666666666,0.935,1.055,89,yes,0.22,0,0,32,37
seq_lora,8,medical_vqa_rad,48.727777777777774,46.0,48.77777777777778,1.075,1.42,40,yes,0.45,0,0,41,73
seq_lora,9,task1290_xsum_summarization,23.26301748953337,0.0,23.629930397648963,11.71,20.87,200,white supremacist who shot dead three people at jewish community center in kansas city missouri has been found guilty of murder,0.005,0,0,11,15
seq_lora,9,task002_quoref_answer_generation,58.18205128205128,50.5,58.13002275502276,1.89,1.71,191,giovanni barbirolli,0.015,0,0,0,0
seq_lora,9,task1510_evalution_relation_extraction,83.97738095238095,62.5,87.93571428571428,2.91,3.05,199,sex,0.01,0,0,0,0
seq_lora,9,task1729_personachat_generate_next,16.003879665624854,0.0,13.759182673416083,5.085,10.17,188,yes i do,0.025,0,0,35,19
seq_lora,9,task748_glucose_reverse_cause_event_detection,61.19272254893632,2.0,58.80093848670889,11.075,12.79,200,all towels are wet causesenables someone is extra dry,0.005,0,0,5,5
seq_lora,9,medical_mts_dialog_note,16.133231529324338,1.0,16.021349373312677,8.755,38.375,150,no,0.125,7,0,84,92
seq_lora,9,medical_iu_xray_impression,40.43841727861838,6.5,39.94096781580718,4.52,9.15,24,no acute cardiopulmonary abnormality,0.58,0,0,188,141
seq_lora,9,natural_vqav2,86.66666666666667,84.5,85.61666666666666,0.94,1.055,90,yes,0.2,0,0,36,37
seq_lora,9,medical_vqa_rad,53.335603285603284,49.5,53.00959595959596,1.215,1.42,47,no,0.39,0,0,78,73
migu_lora,0,task1290_xsum_summarization,16.073856116935463,0.0,17.098909307990905,25.58,20.87,200,cross who has admitted to murders said he hoped to die martyr after verdict was announced,0.005,2,0,18,15
migu_lora,0,task002_quoref_answer_generation,48.045723574670944,42.0,48.53435424224898,2.745,1.71,194,orchestra as very good one,0.015,0,0,1,0
migu_lora,0,task1510_evalution_relation_extraction,49.95362970362971,0.0,54.446969696969695,4.51,3.05,200,radio is member of tv,0.005,0,0,1,0
migu_lora,0,task1729_personachat_generate_next,11.953888136407185,0.0,10.031009867652374,15.92,10.17,182,im sorry but im not sure what you are asking for can you please provide more context or clarify your question,0.025,1,0,34,19
migu_lora,0,task748_glucose_reverse_cause_event_detection,38.1918645977141,0.0,34.412412780585235,17.98,12.79,198,causes b,0.01,16,0,8,5
migu_lora,0,medical_mts_dialog_note,18.427134736426233,0.0,22.264174885885005,69.975,38.375,200,clinical note poison control advised that patients ingestion of liquid was likely nontoxic ingestion as it was relatively small amount patients behavior suggests that she did not ingest any of liquid patient expressed gratitude for advice,0.005,19,0,121,92
migu_lora,0,medical_iu_xray_impression,10.358442428962062,0.0,12.327698168705286,53.105,9.15,200,chest radiograph reveals normal cardiomegaly with no evidence of cardiomegaly lungs appear hyperexpanded without focal consolidation pneumothorax or large pleural effusion right chest wall shows surgical clips consistent with prior lumpectomy there is no evidence of acute bone abnormality,0.005,4,0,190,141
migu_lora,0,natural_vqav2,87.19344070961718,84.0,86.11428571428571,1.165,1.055,95,yes,0.2,0,0,35,37
migu_lora,0,medical_vqa_rad,46.68431731667026,43.0,46.01965811965812,1.89,1.42,53,no,0.4,0,0,80,73
migu_lora,1,task1290_xsum_summarization,24.889405714579915,0.0,27.247513898908107,18.265,20.87,200,jury in kansas city has convicted man of killing three people at two jewish centres in april 2014,0.005,0,0,15,15
migu_lora,1,task002_quoref_answer_generation,52.295815295815295,44.0,52.339430014430015,2.1,1.71,194,giovanni battista barbirolli,0.015,0,0,0,0
migu_lora,1,task1510_evalution_relation_extraction,31.15,0.0,38.20238095238095,1.825,3.05,122,isa,0.265,0,0,0,0
migu_lora,1,task1729_personachat_generate_next,14.668853233636558,0.0,11.705046500664348,6.72,10.17,174,im sorry to hear that,0.065,0,0,14,19
migu_lora,1,task748_glucose_reverse_cause_event_detection,37.43218333248685,0.0,34.0151251738157,13.195,12.79,199,i causesenables i causesenables i causesenables i causesenables i causesenables i causesenables i causesenables i causesenables i causesenables i causesenables i causesenables i causesenables i causesenables i causesenables i causesenables i causesenables i causesenables i causesenables i causesenables i causesenables i causesenables i causesenables i causesenables i causesenables i causesenables i causesenables i causesenables i causesenables i causesenables i causesenables i causesenables i causesenables i causesenables i causesenables i causesenables i causesenables i causes,0.01,8,0,5,5
migu_lora,1,medical_mts_dialog_note,17.872352893525964,0.0,20.33907606879739,24.65,38.375,197,patient thank you doctor,0.01,3,0,69,92
migu_lora,1,medical_iu_xray_impression,10.003688653891027,0.0,12.16295505002723,52.58,9.15,200,chest radiograph demonstrates normal cardiomegaly with no evidence of cardiomegaly lungs appear normal without evidence of consolidation pneumothorax or large pleural effusion right chest wall shows surgical clips which are compatible with prior lumpectomy there is no evidence of acute bone abnormality,0.005,10,0,192,141
migu_lora,1,natural_vqav2,86.38888888888889,83.5,84.95238095238095,0.965,1.055,93,yes,0.2,0,0,35,37
migu_lora,1,medical_vqa_rad,50.074793507146445,46.0,49.302991452991456,1.85,1.42,50,no,0.395,0,0,79,73
migu_lora,2,task1290_xsum_summarization,24.28531072656395,0.0,26.650991750048313,17.99,20.87,200,jury in kansas city has convicted man of killing three people at two jewish centres in april 2014,0.005,1,0,10,15
migu_lora,2,task002_quoref_answer_generation,56.93207903207903,50.0,57.0965811965812,1.81,1.71,192,giovanni battista barbirolli,0.015,0,0,0,0
migu_lora,2,task1510_evalution_relation_extraction,26.207142857142856,0.0,33.6,1.7,3.05,106,isa,0.36,0,0,0,0
migu_lora,2,task1729_personachat_generate_next,14.985650688122178,0.0,11.989803345450808,7.085,10.17,177,im sorry to hear that,0.03,0,0,20,19
migu_lora,2,task748_glucose_reverse_cause_event_detection,37.873036086569236,0.0,33.05395704220135,12.96,12.79,199,i causesenables i causesenables i causesenables i causesenables i causesenables i causesenables i causesenables i causesenables i causesenables i causesenables i causesenables i causesenables i causesenables i causesenables i causesenables i causesenables i causesenables i causesenables i causesenables i causesenables i causesenables i causesenables i causesenables i causesenables i causesenables i causesenables i causesenables i causesenables i causesenables i causesenables i causesenables i causesenables i causesenables i causesenables i causesenables i causesenables i causes,0.01,8,0,6,5
migu_lora,2,medical_mts_dialog_note,19.743233524326826,0.0,23.722049498880754,28.705,38.375,195,patient thank you,0.015,4,0,82,92
migu_lora,2,medical_iu_xray_impression,10.087629213176164,0.0,12.153896661545797,53.93,9.15,200,chest radiograph demonstrates normal cardiomegaly with no evidence of cardiomegaly lungs appear normal without evidence of consolidation pneumothorax or large pleural effusion right chest wall shows surgical clips which are compatible with prior lumpectomy there is no evidence of acute bone abnormality,0.005,9,0,191,141
migu_lora,2,natural_vqav2,85.51388888888889,82.5,84.11904761904762,0.995,1.055,94,yes,0.2,0,0,35,37
migu_lora,2,medical_vqa_rad,50.82836578626052,47.0,50.126068376068375,1.995,1.42,49,no,0.365,0,0,73,73
migu_lora,3,task1290_xsum_summarization,24.36426960706379,0.0,26.513008732140744,17.48,20.87,200,white supremacist who shot dead three people in jewish community centre in kansas city missouri has been sentenced to death,0.005,0,0,12,15
migu_lora,3,task002_quoref_answer_generation,56.045815295815295,49.5,56.208477633477635,1.855,1.71,193,theatre orchestra,0.015,0,0,0,0
migu_lora,3,task1510_evalution_relation_extraction,84.81904761904761,56.0,84.65238095238095,3.06,3.05,200,radio antonym tv,0.005,0,0,0,0
migu_lora,3,task1729_personachat_generate_next,15.491658266289656,0.0,11.72301727052804,6.895,10.17,173,im sorry to hear that,0.04,0,0,24,19
migu_lora,3,task748_glucose_reverse_cause_event_detection,37.710956775972996,0.0,34.98890643085946,16.735,12.79,198,i causesenables i,0.01,14,0,7,5
migu_lora,3,medical_mts_dialog_note,21.490884690094333,0.0,24.895690700509824,32.805,38.375,196,patient thank you,0.015,5,0,79,92
migu_lora,3,medical_iu_xray_impression,10.146507780897009,0.0,12.330999002828655,51.735,9.15,200,chest radiograph demonstrates normal cardiomegaly with no evidence of cardiomegaly lungs appear normal without evidence of consolidation pneumothorax or large pleural effusion right chest wall shows surgical clips consistent with prior lumpectomy there is no evidence of acute bone abnormality,0.005,9,0,191,141
migu_lora,3,natural_vqav2,86.01388888888889,83.0,84.61904761904762,1.04,1.055,93,yes,0.2,0,0,35,37
migu_lora,3,medical_vqa_rad,51.08949938949939,47.5,50.37222222222222,1.88,1.42,48,no,0.35,0,0,70,73
migu_lora,4,task1290_xsum_summarization,24.600456937135554,0.0,26.390680810892874,17.145,20.87,200,white supremacist who shot dead three people at jewish community centre in kansas city has been sentenced to death,0.005,0,0,12,15
migu_lora,4,task002_quoref_answer_generation,58.001126651126654,51.0,58.25566378066378,1.935,1.71,193,theatre orchestra,0.015,0,0,0,0
migu_lora,4,task1510_evalution_relation_extraction,82.54285714285714,48.5,82.37619047619047,3.065,3.05,200,radio antonym tv,0.005,0,0,0,0
migu_lora,4,task1729_personachat_generate_next,16.167090708213237,0.0,13.451710807498012,6.835,10.17,195,yes i do,0.015,0,0,33,19
migu_lora,4,task748_glucose_reverse_cause_event_detection,37.96578370842734,0.0,33.02739160697095,13.55,12.79,199,i causesenables i causesenables i causesenables i causesenables i causesenables i causesenables i causesenables i causesenables i causesenables i causesenables i causesenables i causesenables i causesenables i causesenables i causesenables i causesenables i causesenables i causesenables i causesenables i causesenables i causesenables i causesenables i causesenables i causesenables i causesenables i causesenables i causesenables i causesenables i causesenables i causesenables i causesenables i causesenables i causesenables i causesenables i causesenables i causesenables i causes,0.01,9,0,4,5
migu_lora,4,medical_mts_dialog_note,13.379208976264549,0.0,14.67919658732464,23.665,38.375,182,patient thank you,0.035,6,0,50,92
migu_lora,4,medical_iu_xray_impression,9.900237832209827,0.0,11.96664565914217,49.18,9.15,200,chest radiograph is unremarkable cardiac silhouette is normal in size and contour there is no evidence of hyperexpansion of lungs no focal consolidation pneumothorax or large pleural effusion is present there are no acute bone abnormalities,0.005,11,0,187,141
migu_lora,4,natural_vqav2,85.88888888888889,83.0,84.45238095238095,0.97,1.055,94,yes,0.2,0,0,35,37
migu_lora,4,medical_vqa_rad,52.239671147565886,48.5,51.236111111111114,1.815,1.42,49,no,0.335,0,0,67,73
migu_lora,5,task1290_xsum_summarization,24.33654016933752,0.0,25.896211829153874,15.785,20.87,200,white supremacist who shot dead three people in jewish community centre in kansas city has been sentenced to death,0.005,0,0,9,15
migu_lora,5,task002_quoref_answer_generation,57.83128538128538,50.0,57.87673992673992,1.915,1.71,192,lorenzo barbirolli,0.015,0,0,0,0
migu_lora,5,task1510_evalution_relation_extraction,85.875,61.0,85.88095238095238,3.065,3.05,200,radio antonym tv,0.005,0,0,0,0
migu_lora,5,task1729_personachat_generate_next,16.322794030065197,0.0,13.082707510068191,5.46,10.17,181,yes i do,0.03,0,0,34,19
migu_lora,5,task748_glucose_reverse_cause_event_detection,58.502498679856544,1.0,56.86554633051687,13.895,12.79,200,all towels in house are wet causesenables someone is extra dry,0.005,1,0,7,5
migu_lora,5,medical_mts_dialog_note,15.957566646234579,0.0,17.29959402663363,21.285,38.375,184,patient thank you,0.045,5,0,46,92
migu_lora,5,medical_iu_xray_impression,10.038074001431683,0.0,12.118370207241849,48.21,9.15,198,chest radiograph shows no abnormality,0.01,12,0,181,141
migu_lora,5,natural_vqav2,86.80555555555556,84.0,85.36904761904762,0.96,1.055,93,yes,0.2,0,0,35,37
migu_lora,5,medical_vqa_rad,52.91655566655567,49.0,51.88611111111111,1.425,1.42,47,no,0.325,0,0,65,73
migu_lora,6,task1290_xsum_summarization,24.308850373573186,0.0,25.351941722751583,14.56,20.87,200,white supremacist who shot dead three people in jewish community centre in kansas city missouri has been sentenced to death,0.005,0,0,10,15
migu_lora,6,task002_quoref_answer_generation,55.06681929181929,47.0,55.26086691086691,1.905,1.71,193,lorenzo barbirolli,0.015,0,0,0,0
migu_lora,6,task1510_evalution_relation_extraction,82.0095238095238,51.0,82.22380952380952,3.05,3.05,200,radio antonym tv,0.005,0,0,0,0
migu_lora,6,task1729_personachat_generate_next,16.07681049203446,0.0,13.445362816963975,6.065,10.17,190,yes i do,0.015,0,0,42,19
migu_lora,6,task748_glucose_reverse_cause_event_detection,58.076990880446985,1.0,56.1251693465275,13.9,12.79,200,all towels in house are wet causesenables someone is extra dry,0.005,1,0,8,5
migu_lora,6,medical_mts_dialog_note,19.225200073510006,2.0,19.51375781983596,10.265,38.375,167,no,0.08,5,0,68,92
migu_lora,6,medical_iu_xray_impression,9.634244544465751,0.0,11.398377914547181,57.665,9.15,199,chest radiograph is unremarkable there are no abnormal findings,0.01,27,0,178,141
migu_lora,6,natural_vqav2,87.38888888888889,84.5,85.95238095238095,0.975,1.055,94,yes,0.2,0,0,35,37
migu_lora,6,medical_vqa_rad,53.80849705849706,50.0,53.039957264957266,1.435,1.42,48,no,0.325,0,0,65,73
migu_lora,7,task1290_xsum_summarization,24.018698256198903,0.0,24.625194504312507,12.465,20.87,200,white supremacist who shot dead three people in jewish community center in kansas city missouri has been sentenced to death,0.005,0,0,10,15
migu_lora,7,task002_quoref_answer_generation,52.50015262515262,46.5,53.146581196581195,1.775,1.71,192,giovanni battista barbirolli,0.015,0,0,0,0
migu_lora,7,task1510_evalution_relation_extraction,73.78809523809524,39.0,77.39047619047619,2.955,3.05,200,radio antonym tv,0.005,0,0,0,0
migu_lora,7,task1729_personachat_generate_next,14.462155388321763,0.0,11.501183508240313,4.915,10.17,175,im sorry,0.035,0,0,39,19
migu_lora,7,task748_glucose_reverse_cause_event_detection,52.786216850397935,1.5,51.26941329278582,10.8,12.79,200,all towels in house are wet causesenables someone is extra dry,0.005,0,0,7,5
migu_lora,7,medical_mts_dialog_note,13.332873223032728,0.5,13.190674921460355,3.255,38.375,153,no,0.15,1,0,60,92
migu_lora,7,medical_iu_xray_impression,32.65295924623156,3.5,32.0459936620958,4.325,9.15,60,no acute cardiopulmonary abnormality,0.235,0,0,200,141
migu_lora,7,natural_vqav2,87.30555555555556,84.5,85.86904761904762,0.97,1.055,94,yes,0.195,0,0,36,37
migu_lora,7,medical_vqa_rad,52.00836385836386,48.5,51.61495726495726,1.335,1.42,48,yes,0.335,0,0,63,73
migu_lora,8,task1290_xsum_summarization,23.537366954927627,0.0,23.945213927133317,11.265,20.87,200,white supremacist who shot dead three people in jewish community center in kansas city missouri has been sentenced to death,0.005,0,0,9,15
migu_lora,8,task002_quoref_answer_generation,52.58348595848596,46.0,52.713247863247865,1.78,1.71,192,giovanni battista barbirolli,0.015,0,0,0,0
migu_lora,8,task1510_evalution_relation_extraction,71.71309523809524,33.0,75.22380952380952,2.96,3.05,200,radio antonym tv,0.005,0,0,0,0
migu_lora,8,task1729_personachat_generate_next,14.754686189806664,0.0,12.168122579212564,4.9,10.17,170,im sorry,0.03,0,0,42,19
migu_lora,8,task748_glucose_reverse_cause_event_detection,52.70161555305864,1.5,51.83310294764652,11.09,12.79,200,all towels in house are wet causesenables someone is extra dry,0.005,0,0,7,5
migu_lora,8,medical_mts_dialog_note,14.497512756989412,0.5,14.05832280122227,3.33,38.375,151,no,0.155,0,0,59,92
migu_lora,8,medical_iu_xray_impression,31.51558738675619,3.0,30.959722391281673,4.3,9.15,51,no acute cardiopulmonary disease,0.22,0,0,200,141
migu_lora,8,natural_vqav2,87.45238095238095,85.5,86.36666666666666,0.935,1.055,91,yes,0.205,0,0,35,37
migu_lora,8,medical_vqa_rad,45.476262626262624,42.0,45.15959595959596,1.125,1.42,46,yes,0.43,0,0,44,73
migu_lora,9,task1290_xsum_summarization,24.210821821598913,0.0,24.48605287625536,12.955,20.87,200,white supremacist who shot dead three people in jewish community centre in kansas city missouri has been sentenced to death,0.005,0,0,6,15
migu_lora,9,task002_quoref_answer_generation,51.71681929181929,44.0,51.99420024420024,1.91,1.71,192,giovanni battista barbirolli,0.015,0,0,0,0
migu_lora,9,task1510_evalution_relation_extraction,69.26785714285714,25.5,73.06190476190476,2.94,3.05,200,radio antonym tv,0.005,0,0,0,0
migu_lora,9,task1729_personachat_generate_next,14.379596728819706,0.0,11.718052089883763,4.9,10.17,166,i am not sure,0.035,0,0,50,19
migu_lora,9,task748_glucose_reverse_cause_event_detection,54.36512197792004,1.5,53.113701535004544,12.27,12.79,200,all towels in house are wet causesenables someone is extra dry,0.005,1,0,7,5
migu_lora,9,medical_mts_dialog_note,13.973734976141763,0.5,13.071190590404935,4.99,38.375,143,no,0.22,2,0,72,92
migu_lora,9,medical_iu_xray_impression,29.624728736204087,2.5,29.11790870886668,4.39,9.15,47,no acute cardiopulmonary abnormality,0.15,0,0,199,141
migu_lora,9,natural_vqav2,86.41666666666667,84.5,85.36666666666666,0.95,1.055,91,yes,0.195,0,0,36,37
migu_lora,9,medical_vqa_rad,51.71893661893662,48.0,51.392929292929296,1.26,1.42,45,yes,0.33,0,0,64,73
olora,0,task1290_xsum_summarization,16.073856116935463,0.0,17.098909307990905,25.58,20.87,200,cross who has admitted to murders said he hoped to die martyr after verdict was announced,0.005,2,0,18,15
olora,0,task002_quoref_answer_generation,48.045723574670944,42.0,48.53435424224898,2.745,1.71,194,orchestra as very good one,0.015,0,0,1,0
olora,0,task1510_evalution_relation_extraction,49.95362970362971,0.0,54.446969696969695,4.51,3.05,200,radio is member of tv,0.005,0,0,1,0
olora,0,task1729_personachat_generate_next,11.953888136407185,0.0,10.031009867652374,15.92,10.17,182,im sorry but im not sure what you are asking for can you please provide more context or clarify your question,0.025,1,0,34,19
olora,0,task748_glucose_reverse_cause_event_detection,38.1918645977141,0.0,34.412412780585235,17.98,12.79,198,causes b,0.01,16,0,8,5
olora,0,medical_mts_dialog_note,18.427134736426233,0.0,22.264174885885005,69.975,38.375,200,clinical note poison control advised that patients ingestion of liquid was likely nontoxic ingestion as it was relatively small amount patients behavior suggests that she did not ingest any of liquid patient expressed gratitude for advice,0.005,19,0,121,92
olora,0,medical_iu_xray_impression,10.358442428962062,0.0,12.327698168705286,53.105,9.15,200,chest radiograph reveals normal cardiomegaly with no evidence of cardiomegaly lungs appear hyperexpanded without focal consolidation pneumothorax or large pleural effusion right chest wall shows surgical clips consistent with prior lumpectomy there is no evidence of acute bone abnormality,0.005,4,0,190,141
olora,0,natural_vqav2,87.19344070961718,84.0,86.11428571428571,1.165,1.055,95,yes,0.2,0,0,35,37
olora,0,medical_vqa_rad,46.68431731667026,43.0,46.01965811965812,1.89,1.42,53,no,0.4,0,0,80,73
olora,1,task1290_xsum_summarization,24.918894448517587,0.0,27.314438596930366,18.265,20.87,200,jury in kansas city has convicted man of killing three people at two jewish centres in april 2014,0.005,0,0,15,15
olora,1,task002_quoref_answer_generation,52.295815295815295,44.0,52.339430014430015,2.1,1.71,194,giovanni battista barbirolli,0.015,0,0,0,0
olora,1,task1510_evalution_relation_extraction,30.95,0.0,38.00238095238095,1.82,3.05,121,isa,0.27,0,0,0,0
olora,1,task1729_personachat_generate_next,14.62472432848598,0.0,11.656185217020457,6.65,10.17,174,im sorry to hear that,0.065,0,0,13,19
olora,1,task748_glucose_reverse_cause_event_detection,37.64018952872834,0.0,34.24023339892392,12.695,12.79,199,i causesenables i causesenables i causesenables i causesenables i causesenables i causesenables i causesenables i causesenables i causesenables i causesenables i causesenables i causesenables i causesenables i causesenables i causesenables i causesenables i causesenables i causesenables i causesenables i causesenables i causesenables i causesenables i causesenables i causesenables i causesenables i causesenables i causesenables i causesenables i causesenables i causesenables i causesenables i causesenables i causesenables i causesenables i causesenables i causesenables i causes,0.01,7,0,6,5
olora,1,medical_mts_dialog_note,18.2444238365577,0.0,20.752141146770633,24.73,38.375,196,patient im sorry doctor im not sure what youre asking,0.01,3,0,71,92
olora,1,medical_iu_xray_impression,10.034143933422406,0.0,12.186973364905004,52.67,9.15,200,chest radiograph demonstrates normal cardiomegaly with no evidence of cardiomegaly lungs appear normal without evidence of consolidation pneumothorax or large pleural effusion right chest wall shows surgical clips which are compatible with prior lumpectomy there is no evidence of acute bone abnormality,0.005,10,0,192,141
olora,1,natural_vqav2,86.38888888888889,83.5,84.95238095238095,0.97,1.055,93,yes,0.2,0,0,35,37
olora,1,medical_vqa_rad,50.074793507146445,46.0,49.302991452991456,1.85,1.42,50,no,0.395,0,0,79,73
olora,2,task1290_xsum_summarization,24.799273539207757,0.0,27.456069388718323,18.03,20.87,200,jury in kansas city has convicted man of killing three people at two jewish centres in april 2014,0.005,0,0,13,15
olora,2,task002_quoref_answer_generation,56.862481962481965,49.5,56.92460317460318,1.96,1.71,193,giovanni battista barbirolli,0.015,0,0,0,0
olora,2,task1510_evalution_relation_extraction,30.597619047619048,0.0,37.602380952380955,1.815,3.05,119,isa,0.275,0,0,0,0
olora,2,task1729_personachat_generate_next,14.5677044367568,0.0,11.910294507220742,6.99,10.17,178,im sorry to hear that,0.05,0,0,18,19
olora,2,task748_glucose_reverse_cause_event_detection,36.793992136939195,0.0,33.27909781755743,17.25,12.79,199,i causesenables i causesenables i causesenables i causesenables i causesenables i causesenables i causesenables i causesenables i causesenables i causesenables i causesenables i causesenables i causesenables i causesenables i causesenables i causesenables i causesenables i causesenables i causesenables i causesenables i causesenables i causesenables i causesenables i causesenables i causesenables i causesenables i causesenables i causesenables i causesenables i causesenables i causesenables i causesenables i causesenables i causesenables i causesenables i causesenables i causes,0.01,16,0,5,5
olora,2,medical_mts_dialog_note,19.57054860538742,0.0,22.876898619702875,29.275,38.375,195,patient thank you,0.015,6,0,76,92
olora,2,medical_iu_xray_impression,9.988292933411092,0.0,12.086312307510745,54.245,9.15,200,chest radiograph demonstrates normal cardiomegaly with no evidence of cardiomegaly lungs appear normal without evidence of consolidation pneumothorax or large pleural effusion right chest wall shows surgical clips which are compatible with prior lumpectomy there is no evidence of acute bone abnormality,0.005,9,0,192,141
olora,2,natural_vqav2,86.96626984126983,84.0,85.57142857142857,1.005,1.055,94,yes,0.195,0,0,36,37
olora,2,medical_vqa_rad,49.90456899481667,46.0,49.217948717948715,2.23,1.42,51,no,0.375,0,0,75,73
olora,3,task1290_xsum_summarization,24.941882297853038,0.0,27.913601938852878,18.02,20.87,200,white supremacist who shot dead three people at jewish community centre in kansas city has been found guilty of murder,0.005,0,0,11,15
olora,3,task002_quoref_answer_generation,57.29343434343434,51.0,57.46507936507936,1.945,1.71,192,giovanni battista barbirolli,0.015,0,0,0,0
olora,3,task1510_evalution_relation_extraction,87.08928571428571,63.0,86.9952380952381,3.06,3.05,200,radio antonym tv,0.005,0,0,0,0
olora,3,task1729_personachat_generate_next,15.062594485375357,0.0,12.211587078540616,7.12,10.17,176,im sorry to hear that,0.045,0,0,18,19
olora,3,task748_glucose_reverse_cause_event_detection,37.6380279699784,0.0,34.56773726504448,17.255,12.79,198,i causesenables i causesenables i causesenables i causesenables i causesenables i causesenables i causesenables i causesenables i causesenables i causesenables i causesenables i causesenables i causesenables i causesenables i causesenables i causesenables i causesenables i causesenables i causesenables i causesenables i causesenables i causesenables i causesenables i causesenables i causesenables i causesenables i causesenables i causesenables i causesenables i causesenables i causesenables i causesenables i causesenables i causesenables i causesenables i causesenables i causes,0.01,16,0,5,5
olora,3,medical_mts_dialog_note,19.126396117717817,0.0,21.94148055516145,28.97,38.375,197,patient reports no current medications,0.01,4,0,73,92
olora,3,medical_iu_xray_impression,10.228606198804828,0.0,12.347609578987726,52.315,9.15,200,chest radiograph demonstrates normal cardiomegaly with no evidence of cardiomegaly lungs appear normal without evidence of consolidation pneumothorax or large pleural effusion right chest wall shows surgical clips which are compatible with prior lumpectomy there is no evidence of acute bone abnormality,0.005,10,0,190,141
olora,3,natural_vqav2,87.13153594771242,84.0,85.76190476190476,1.11,1.055,93,yes,0.2,0,0,35,37
olora,3,medical_vqa_rad,48.8378745437569,45.0,48.09487179487179,2.025,1.42,51,no,0.395,0,0,79,73
olora,4,task1290_xsum_summarization,24.61738648910321,0.0,26.82794513997928,18.16,20.87,200,white supremacist who shot dead three people at jewish community centre in kansas city has been found guilty of murder,0.005,1,0,11,15
olora,4,task002_quoref_answer_generation,56.06248196248196,49.5,56.31626984126984,1.96,1.71,191,queens hall orchestra,0.015,0,0,0,0
olora,4,task1510_evalution_relation_extraction,85.92857142857143,59.5,85.76190476190476,3.055,3.05,200,radio antonym tv,0.005,0,0,0,0
olora,4,task1729_personachat_generate_next,16.435163123219755,0.0,14.04795025252474,6.615,10.17,190,yes i do,0.015,0,0,40,19
olora,4,task748_glucose_reverse_cause_event_detection,37.01035281956183,0.0,33.742638201739524,18.92,12.79,199,i causesenables i causesenables i causesenables i causesenables i causesenables i causesenables i causesenables i causesenables i causesenables i causesenables i causesenables i causesenables i causesenables i causesenables i causesenables i causesenables i causesenables i causesenables i causesenables i causesenables i causesenables i causesenables i causesenables i causesenables i causesenables i causesenables i causesenables i causesenables i causesenables i causesenables i causesenables i causesenables i causesenables i causesenables i causesenables i causesenables i causes,0.01,19,0,6,5
olora,4,medical_mts_dialog_note,16.48415668787405,0.0,18.493297774744825,23.08,38.375,194,patient thank you,0.025,5,0,67,92
olora,4,medical_iu_xray_impression,10.55407686305593,0.0,12.848588737214651,48.04,9.15,200,chest radiograph demonstrates normal cardiomegaly with no abnormality in cardiac silhouette lungs appear hyperexpanded without focal consolidation pneumothorax or large pleural effusion right chest wall shows surgical clips which are compatible with prior lumpectomy there is no evidence of acute bone abnormality,0.005,7,0,189,141
olora,4,natural_vqav2,87.01388888888889,84.0,85.61904761904762,1,1.055,93,yes,0.2,0,0,35,37
olora,4,medical_vqa_rad,48.9786396609926,45.0,48.20683760683761,2.045,1.42,48,no,0.375,0,0,75,73
olora,5,task1290_xsum_summarization,24.536653257954608,0.0,26.593760222414375,17.5,20.87,200,white supremacist who shot dead three people at jewish community centre in kansas city has been sentenced to death,0.005,1,0,10,15
olora,5,task002_quoref_answer_generation,58.01779331779332,51.0,58.006105006105,1.925,1.71,191,giovanni battista barbirolli,0.015,0,0,0,0
olora,5,task1510_evalution_relation_extraction,86.63690476190476,62.5,86.42857142857143,3.055,3.05,200,radio antonym tv,0.005,0,0,0,0
olora,5,task1729_personachat_generate_next,16.30646575102586,0.0,13.785171015750686,6.475,10.17,188,yes i do,0.02,0,0,41,19
olora,5,task748_glucose_reverse_cause_event_detection,57.97443669043857,1.5,56.078859309468555,15.095,12.79,200,all towels in house are wet causesenables someone must be extra dry,0.005,4,0,7,5
olora,5,medical_mts_dialog_note,18.25882219276149,0.0,20.844731341469416,23.43,38.375,195,patient thank you,0.015,3,0,65,92
olora,5,medical_iu_xray_impression,10.700187419919546,0.0,12.977917710231758,51.11,9.15,200,chest radiograph demonstrates normal cardiac silhouette with no evidence of cardiomegaly or cardiomegaly lungs appear hyperexpanded without evidence of consolidation pneumothorax or large pleural effusion there are no acute abnormalities of bones,0.005,12,0,188,141
olora,5,natural_vqav2,87.30555555555556,84.5,85.86904761904762,0.965,1.055,93,yes,0.195,0,0,36,37
olora,5,medical_vqa_rad,49.293345543345545,45.5,48.52606837606837,1.695,1.42,49,no,0.355,0,0,71,73
olora,6,task1290_xsum_summarization,25.300416092792997,0.0,26.965758868766287,15.815,20.87,200,white supremacist who shot dead three people at jewish community centre in kansas city has been sentenced to death,0.005,0,0,12,15
olora,6,task002_quoref_answer_generation,56.367793317793314,50.5,56.422771672771674,1.86,1.71,192,giovanni battista barbirolli,0.015,0,0,0,0
olora,6,task1510_evalution_relation_extraction,85.64166666666667,59.5,85.76190476190476,3.03,3.05,200,radio antonym tv,0.005,0,0,0,0
olora,6,task1729_personachat_generate_next,15.996529273398243,0.0,13.873560949703895,6.22,10.17,188,yes i do,0.03,0,0,45,19
olora,6,task748_glucose_reverse_cause_event_detection,56.65796633862554,2.0,55.09040718368737,14.7,12.79,200,all towels in house are wet causesenables someone is extra dry,0.005,4,0,7,5
olora,6,medical_mts_dialog_note,18.765021777083035,1.5,19.186239842649535,10.36,38.375,172,no,0.08,5,0,72,92
olora,6,medical_iu_xray_impression,10.583355106961244,0.0,12.483277598689343,49.28,9.15,198,chest radiograph is unremarkable there are no abnormal findings,0.015,17,0,181,141
olora,6,natural_vqav2,86.63888888888889,84.0,85.11904761904762,0.975,1.055,92,yes,0.195,0,0,36,37
olora,6,medical_vqa_rad,48.67985347985348,45.0,47.95384615384615,1.49,1.42,48,no,0.375,0,0,75,73
olora,7,task1290_xsum_summarization,25.13892799151118,0.0,26.63658000560894,15.27,20.87,200,white supremacist who shot dead three people at jewish community centre in kansas city has been sentenced to death,0.005,1,0,11,15
olora,7,task002_quoref_answer_generation,56.17673992673993,51.5,56.277533577533575,1.745,1.71,191,giovanni battista barbirolli,0.015,0,0,0,0
olora,7,task1510_evalution_relation_extraction,84.36071428571428,56.0,84.68095238095238,3.015,3.05,200,radio antonym tv,0.005,0,0,0,0
olora,7,task1729_personachat_generate_next,15.905193206378755,0.0,13.50943800805134,5.725,10.17,188,yes i do,0.03,0,0,41,19
olora,7,task748_glucose_reverse_cause_event_detection,56.15565339926244,1.0,54.75299888930343,13.285,12.79,200,someone is extra dry causesenables someone is really wet,0.005,2,0,7,5
olora,7,medical_mts_dialog_note,15.738778686537783,1.0,15.484413308447927,5.12,38.375,164,no,0.085,2,0,65,92
olora,7,medical_iu_xray_impression,29.498023109968326,3.5,29.004044215929344,3.935,9.15,48,no acute cardiopulmonary abnormality,0.245,0,0,192,141
olora,7,natural_vqav2,85.55555555555556,83.0,84.03571428571429,0.965,1.055,92,yes,0.195,0,0,36,37
olora,7,medical_vqa_rad,50.17985347985348,46.5,49.45384615384615,1.255,1.42,45,no,0.4,0,0,80,73
olora,8,task1290_xsum_summarization,24.850222352968704,0.0,26.336490026739902,15.28,20.87,200,white supremacist who shot dead three people at jewish community centre in kansas city has been sentenced to death,0.005,1,0,12,15
olora,8,task002_quoref_answer_generation,57.17673992673993,52.5,57.277533577533575,1.74,1.71,191,giovanni battista barbirolli,0.015,0,0,0,0
olora,8,task1510_evalution_relation_extraction,83.53214285714286,55.0,83.85238095238095,3.015,3.05,200,radio antonym tv,0.005,0,0,0,0
olora,8,task1729_personachat_generate_next,15.886255697527453,0.0,13.43468619871143,5.675,10.17,188,yes i do,0.03,0,0,41,19
olora,8,task748_glucose_reverse_cause_event_detection,55.87460942022667,1.0,54.95155737749379,13.56,12.79,200,someone is extra dry causesenables someone is really wet,0.005,3,0,7,5
olora,8,medical_mts_dialog_note,15.502737921771615,1.0,14.986112873587373,4.96,38.375,166,no,0.075,2,0,63,92
olora,8,medical_iu_xray_impression,29.860973074234078,3.5,29.333389870275,3.95,9.15,48,no acute cardiopulmonary abnormality,0.235,0,0,192,141
olora,8,natural_vqav2,86.91666666666667,85.0,85.86666666666666,0.935,1.055,92,yes,0.2,0,0,35,37
olora,8,medical_vqa_rad,45.044444444444444,42.0,44.77777777777778,1.125,1.42,46,yes,0.425,0,0,46,73
olora,9,task1290_xsum_summarization,24.84358420192362,0.0,26.424296456647056,15.585,20.87,200,white supremacist who shot dead three people at jewish community centre in kansas city has been sentenced to death,0.005,1,0,11,15
olora,9,task002_quoref_answer_generation,56.18522588522588,50.0,56.2510545010545,1.855,1.71,191,giovanni battista barbirolli,0.015,0,0,0,0
olora,9,task1510_evalution_relation_extraction,84.73690476190475,57.5,85.05714285714285,3.015,3.05,200,radio antonym tv,0.005,0,0,0,0
olora,9,task1729_personachat_generate_next,16.081021124886828,0.0,13.586458685483917,5.65,10.17,187,yes i do,0.03,0,0,40,19
olora,9,task748_glucose_reverse_cause_event_detection,57.1652553634188,1.5,55.79627274041132,13.96,12.79,200,all towels in house are wet causesenables someone is extra dry,0.005,3,0,8,5
olora,9,medical_mts_dialog_note,17.328849281564196,1.5,16.93581068150113,5.23,38.375,171,no,0.07,2,0,63,92
olora,9,medical_iu_xray_impression,29.71475277406641,3.5,29.122661344414894,3.905,9.15,47,no acute cardiopulmonary abnormality,0.24,0,0,193,141
olora,9,natural_vqav2,88.41666666666667,86.0,86.86666666666666,0.935,1.055,92,yes,0.2,0,0,35,37
olora,9,medical_vqa_rad,50.67924297924298,46.0,50.04677544677545,1.26,1.42,45,no,0.355,0,0,71,73
sapt_lora,0,task1290_xsum_summarization,16.073856116935463,0.0,17.098909307990905,25.58,20.87,200,cross who has admitted to murders said he hoped to die martyr after verdict was announced,0.005,2,0,18,15
sapt_lora,0,task002_quoref_answer_generation,48.045723574670944,42.0,48.53435424224898,2.745,1.71,194,orchestra as very good one,0.015,0,0,1,0
sapt_lora,0,task1510_evalution_relation_extraction,49.95362970362971,0.0,54.446969696969695,4.51,3.05,200,radio is member of tv,0.005,0,0,1,0
sapt_lora,0,task1729_personachat_generate_next,11.953888136407185,0.0,10.031009867652374,15.92,10.17,182,im sorry but im not sure what you are asking for can you please provide more context or clarify your question,0.025,1,0,34,19
sapt_lora,0,task748_glucose_reverse_cause_event_detection,38.1918645977141,0.0,34.412412780585235,17.98,12.79,198,causes b,0.01,16,0,8,5
sapt_lora,0,medical_mts_dialog_note,18.427134736426233,0.0,22.264174885885005,69.975,38.375,200,clinical note poison control advised that patients ingestion of liquid was likely nontoxic ingestion as it was relatively small amount patients behavior suggests that she did not ingest any of liquid patient expressed gratitude for advice,0.005,19,0,121,92
sapt_lora,0,medical_iu_xray_impression,10.358442428962062,0.0,12.327698168705286,53.105,9.15,200,chest radiograph reveals normal cardiomegaly with no evidence of cardiomegaly lungs appear hyperexpanded without focal consolidation pneumothorax or large pleural effusion right chest wall shows surgical clips consistent with prior lumpectomy there is no evidence of acute bone abnormality,0.005,4,0,190,141
sapt_lora,0,natural_vqav2,87.19344070961718,84.0,86.11428571428571,1.165,1.055,95,yes,0.2,0,0,35,37
sapt_lora,0,medical_vqa_rad,46.68431731667026,43.0,46.01965811965812,1.89,1.42,53,no,0.4,0,0,80,73
sapt_lora,1,task1290_xsum_summarization,24.652579666997642,0.0,27.046241473769918,18.28,20.87,200,white supremacist who shot dead three people at jewish community centre in kansas city has been sentenced to death,0.005,0,0,14,15
sapt_lora,1,task002_quoref_answer_generation,53.49303751803752,45.5,53.53466810966811,2,1.71,194,giovanni battista barbirolli,0.015,0,0,0,0
sapt_lora,1,task1510_evalution_relation_extraction,32.66904761904762,0.0,40.26904761904762,1.895,3.05,131,isa,0.21,0,0,0,0
sapt_lora,1,task1729_personachat_generate_next,14.699657795529724,0.0,11.887345392987134,6.515,10.17,170,im sorry to hear that,0.07,0,0,22,19
sapt_lora,1,task748_glucose_reverse_cause_event_detection,36.76685308797659,0.0,33.20069152668191,12.63,12.79,199,i causesenables i,0.01,8,0,6,5
sapt_lora,1,medical_mts_dialog_note,18.088182371433177,0.0,20.76127075835945,24.44,38.375,196,patient thank you,0.015,3,0,73,92
sapt_lora,1,medical_iu_xray_impression,9.962337888129454,0.0,12.093417314719023,55.91,9.15,200,chest radiograph demonstrates normal cardiomegaly with no evidence of cardiomegaly lungs appear normal without evidence of consolidation pneumothorax or large pleural effusion there are no acute abnormalities of bones,0.005,14,0,191,141
sapt_lora,1,natural_vqav2,86.41388888888889,83.5,85.11904761904762,1.04,1.055,95,yes,0.2,0,0,35,37
sapt_lora,1,medical_vqa_rad,48.41570259805554,44.5,47.71410256410256,2.185,1.42,51,no,0.385,0,0,77,73
sapt_lora,2,task1290_xsum_summarization,24.628678046379378,0.0,27.037941995307325,18.79,20.87,200,white supremacist who shot dead three people at jewish community centre in kansas city has been sentenced to death,0.005,1,0,15,15
sapt_lora,2,task002_quoref_answer_generation,53.49303751803752,45.5,53.53466810966811,1.98,1.71,194,giovanni battista barbirolli,0.015,0,0,0,0
sapt_lora,2,task1510_evalution_relation_extraction,32.61904761904762,0.0,40.41904761904762,1.9,3.05,132,isa,0.205,0,0,0,0
sapt_lora,2,task1729_personachat_generate_next,14.699657795529724,0.0,11.887345392987134,6.515,10.17,170,im sorry to hear that,0.07,0,0,22,19
sapt_lora,2,task748_glucose_reverse_cause_event_detection,36.861588199053536,0.0,33.30979245202997,12.19,12.79,199,i causesenables i,0.01,7,0,6,5
sapt_lora,2,medical_mts_dialog_note,18.093269293642997,0.0,20.762755226357104,24.5,38.375,196,patient thank you,0.015,3,0,73,92
sapt_lora,2,medical_iu_xray_impression,9.934983701614527,0.0,12.070456294240746,55.945,9.15,200,chest radiograph demonstrates normal cardiomegaly with no evidence of cardiomegaly lungs appear normal without evidence of consolidation pneumothorax or large pleural effusion there are no acute abnormalities of bones,0.005,14,0,191,141
sapt_lora,2,natural_vqav2,86.41388888888889,83.5,85.11904761904762,1.04,1.055,95,yes,0.2,0,0,35,37
sapt_lora,2,medical_vqa_rad,47.91570259805554,44.0,47.21410256410256,2.185,1.42,51,no,0.38,0,0,76,73
sapt_lora,3,task1290_xsum_summarization,24.831693471491345,0.0,27.563627152382324,18.175,20.87,200,white supremacist who shot dead three people at jewish community centre in kansas city has been found guilty of murder,0.005,0,0,13,15
sapt_lora,3,task002_quoref_answer_generation,53.24303751803752,45.0,53.28466810966811,2.11,1.71,194,giovanni battista barbirolli,0.015,0,0,0,0
sapt_lora,3,task1510_evalution_relation_extraction,86.58333333333333,61.0,86.5,3.05,3.05,200,radio antonym tv,0.005,0,0,0,0
sapt_lora,3,task1729_personachat_generate_next,14.616815188808735,0.0,11.693334768248956,6.545,10.17,173,im sorry to hear that,0.065,0,0,21,19
sapt_lora,3,task748_glucose_reverse_cause_event_detection,38.208705613970125,0.0,34.91491284637675,12.875,12.79,199,i causesenables i,0.01,8,0,4,5
sapt_lora,3,medical_mts_dialog_note,17.73987447142577,0.0,20.6297470564415,26.91,38.375,197,patient thank you doctor,0.01,5,0,73,92
sapt_lora,3,medical_iu_xray_impression,9.984461067952248,0.0,12.163550729723537,55.205,9.15,200,chest radiograph demonstrates normal cardiomegaly with no evidence of cardiomegaly lungs appear normal without evidence of consolidation pneumothorax or large pleural effusion right chest wall shows surgical clips which are compatible with prior lumpectomy there is no evidence of acute bone abnormality,0.005,13,0,191,141
sapt_lora,3,natural_vqav2,86.41388888888889,83.5,85.11904761904762,1.04,1.055,95,yes,0.2,0,0,35,37
sapt_lora,3,medical_vqa_rad,48.91570259805554,45.0,48.21410256410256,2.11,1.42,52,no,0.4,0,0,80,73
sapt_lora,4,task1290_xsum_summarization,24.584090739107623,0.0,27.015604066387734,18.795,20.87,200,white supremacist who shot dead three people at jewish community centre in kansas city has been sentenced to death,0.005,1,0,13,15
sapt_lora,4,task002_quoref_answer_generation,53.49303751803752,45.5,53.53466810966811,2,1.71,194,giovanni battista barbirolli,0.015,0,0,0,0
sapt_lora,4,task1510_evalution_relation_extraction,86.75,61.5,86.66666666666666,3.05,3.05,200,radio antonym tv,0.005,0,0,0,0
sapt_lora,4,task1729_personachat_generate_next,14.657026216582356,0.0,11.884077419130925,6.52,10.17,171,im sorry to hear that,0.07,0,0,21,19
sapt_lora,4,task748_glucose_reverse_cause_event_detection,37.04644658644208,0.0,33.40118881733938,12.745,12.79,199,i causesenables i,0.01,8,0,6,5
sapt_lora,4,medical_mts_dialog_note,18.14679911995648,0.0,20.89133332530852,24.53,38.375,196,patient thank you,0.015,3,0,74,92
sapt_lora,4,medical_iu_xray_impression,9.915074394174965,0.0,12.086513203837507,55.755,9.15,200,chest radiograph demonstrates normal cardiomegaly with no evidence of cardiomegaly lungs appear normal without evidence of consolidation pneumothorax or large pleural effusion right chest wall shows surgical clips which are compatible with prior lumpectomy there is no evidence of acute bone abnormality,0.005,14,0,191,141
sapt_lora,4,natural_vqav2,86.41388888888889,83.5,85.11904761904762,1.04,1.055,95,yes,0.2,0,0,35,37
sapt_lora,4,medical_vqa_rad,48.91570259805554,45.0,48.21410256410256,2.185,1.42,51,no,0.39,0,0,78,73
sapt_lora,5,task1290_xsum_summarization,24.608296371188267,0.0,26.986906543234383,18.715,20.87,200,white supremacist who shot dead three people at jewish community centre in kansas city has been sentenced to death,0.005,1,0,15,15
sapt_lora,5,task002_quoref_answer_generation,53.49303751803752,45.5,53.53466810966811,2,1.71,194,giovanni battista barbirolli,0.015,0,0,0,0
sapt_lora,5,task1510_evalution_relation_extraction,86.25,60.0,86.16666666666666,3.05,3.05,200,radio antonym tv,0.005,0,0,0,0
sapt_lora,5,task1729_personachat_generate_next,14.743136056399289,0.0,11.93279993844168,6.515,10.17,169,im sorry to hear that,0.07,0,0,22,19
sapt_lora,5,task748_glucose_reverse_cause_event_detection,37.144402309435286,0.0,33.42790987998722,12.305,12.79,199,i causesenables i,0.01,7,0,6,5
sapt_lora,5,medical_mts_dialog_note,18.104898781900687,0.0,20.794623806578922,24.275,38.375,196,patient thank you,0.015,3,0,74,92
sapt_lora,5,medical_iu_xray_impression,9.931819666387739,0.0,12.069382637347832,55.45,9.15,200,chest radiograph demonstrates normal cardiomegaly with no evidence of cardiomegaly lungs appear normal without evidence of consolidation pneumothorax or large pleural effusion right chest wall shows surgical clips which are compatible with prior lumpectomy there is no evidence of acute bone abnormality,0.005,13,0,191,141
sapt_lora,5,natural_vqav2,86.41388888888889,83.5,85.11904761904762,1.04,1.055,95,yes,0.2,0,0,35,37
sapt_lora,5,medical_vqa_rad,48.41570259805554,44.5,47.71410256410256,2.185,1.42,51,no,0.385,0,0,77,73
sapt_lora,6,task1290_xsum_summarization,24.551045109601013,0.0,26.917393496151302,18.73,20.87,200,white supremacist who shot dead three people at jewish community centre in kansas city has been sentenced to death,0.005,1,0,14,15
sapt_lora,6,task002_quoref_answer_generation,53.49303751803752,45.5,53.53466810966811,2,1.71,194,giovanni battista barbirolli,0.015,0,0,0,0
sapt_lora,6,task1510_evalution_relation_extraction,86.58333333333333,61.0,86.5,3.05,3.05,200,radio antonym tv,0.005,0,0,0,0
sapt_lora,6,task1729_personachat_generate_next,14.639455775327704,0.0,11.887345392987134,6.525,10.17,170,im sorry to hear that,0.07,0,0,20,19
sapt_lora,6,task748_glucose_reverse_cause_event_detection,36.831285168750505,0.0,33.30979245202997,12.24,12.79,199,i causesenables i,0.01,7,0,6,5
sapt_lora,6,medical_mts_dialog_note,18.148975490891473,0.0,20.920434639884412,24.81,38.375,196,patient thank you,0.015,3,0,75,92
sapt_lora,6,medical_iu_xray_impression,9.954489029131436,0.0,12.137455242518184,55.96,9.15,200,chest radiograph demonstrates normal cardiomegaly with no evidence of cardiomegaly lungs appear normal without evidence of consolidation pneumothorax or large pleural effusion right chest wall shows surgical clips which are compatible with prior lumpectomy there is no evidence of acute bone abnormality,0.005,14,0,192,141
sapt_lora,6,natural_vqav2,86.41388888888889,83.5,85.11904761904762,1.04,1.055,95,yes,0.2,0,0,35,37
sapt_lora,6,medical_vqa_rad,48.91570259805554,45.0,48.21410256410256,2.185,1.42,51,no,0.38,0,0,76,73
sapt_lora,7,task1290_xsum_summarization,24.63744997620394,0.0,27.07562258022628,18.78,20.87,200,white supremacist who shot dead three people at jewish community centre in kansas city has been sentenced to death,0.005,1,0,15,15
sapt_lora,7,task002_quoref_answer_generation,53.49303751803752,45.5,53.53466810966811,2,1.71,194,giovanni battista barbirolli,0.015,0,0,0,0
sapt_lora,7,task1510_evalution_relation_extraction,86.41666666666666,60.5,86.33333333333333,3.05,3.05,200,radio antonym tv,0.005,0,0,0,0
sapt_lora,7,task1729_personachat_generate_next,14.739499692762925,0.0,11.921688827330568,6.55,10.17,170,im sorry to hear that,0.07,0,0,22,19
sapt_lora,7,task748_glucose_reverse_cause_event_detection,36.861588199053536,0.0,33.30979245202997,12.19,12.79,199,i causesenables i,0.01,7,0,6,5
sapt_lora,7,medical_mts_dialog_note,18.087670540834484,0.0,20.76457297136083,24.445,38.375,196,patient thank you,0.015,3,0,73,92
sapt_lora,7,medical_iu_xray_impression,9.954438858346013,0.0,12.105434194092565,55.735,9.15,200,chest radiograph demonstrates normal cardiomegaly with no evidence of cardiomegaly lungs appear normal without evidence of consolidation pneumothorax or large pleural effusion there are no acute abnormalities of bones,0.005,14,0,191,141
sapt_lora,7,natural_vqav2,86.41388888888889,83.5,85.11904761904762,1.04,1.055,95,yes,0.2,0,0,35,37
sapt_lora,7,medical_vqa_rad,48.41570259805554,44.5,47.71410256410256,2.185,1.42,51,no,0.385,0,0,77,73
sapt_lora,8,task1290_xsum_summarization,24.706842944422586,0.0,27.032941183312186,18.26,20.87,200,white supremacist who shot dead three people at jewish community centre in kansas city has been sentenced to death,0.005,0,0,14,15
sapt_lora,8,task002_quoref_answer_generation,53.49303751803752,45.5,53.53466810966811,2,1.71,194,giovanni battista barbirolli,0.015,0,0,0,0
sapt_lora,8,task1510_evalution_relation_extraction,86.58333333333333,61.0,86.5,3.05,3.05,200,radio antonym tv,0.005,0,0,0,0
sapt_lora,8,task1729_personachat_generate_next,14.697026216582355,0.0,11.884077419130925,6.52,10.17,170,im sorry to hear that,0.07,0,0,22,19
sapt_lora,8,task748_glucose_reverse_cause_event_detection,36.933737831453534,0.0,33.373112922558676,12.15,12.79,199,i causesenables i,0.01,7,0,6,5
sapt_lora,8,medical_mts_dialog_note,18.07565821570229,0.0,20.7099826245032,25.29,38.375,196,patient thank you,0.015,4,0,75,92
sapt_lora,8,medical_iu_xray_impression,9.914004841266312,0.0,12.046906204602093,55.89,9.15,200,chest radiograph demonstrates normal cardiomegaly with no evidence of cardiomegaly lungs appear normal without evidence of consolidation pneumothorax or large pleural effusion there are no acute abnormalities of bones,0.005,14,0,191,141
sapt_lora,8,natural_vqav2,86.41388888888889,83.5,85.11904761904762,1.04,1.055,95,yes,0.2,0,0,35,37
sapt_lora,8,medical_vqa_rad,48.91570259805554,45.0,48.21410256410256,2.185,1.42,51,no,0.385,0,0,77,73
sapt_lora,9,task1290_xsum_summarization,24.758606507473505,0.0,27.200490806617033,18.795,20.87,200,white supremacist who shot dead three people at jewish community centre in kansas city has been sentenced to death,0.005,1,0,16,15
sapt_lora,9,task002_quoref_answer_generation,53.49303751803752,45.5,53.53466810966811,2,1.71,194,giovanni battista barbirolli,0.015,0,0,0,0
sapt_lora,9,task1510_evalution_relation_extraction,86.41666666666666,60.5,86.33333333333333,3.05,3.05,200,radio antonym tv,0.005,0,0,0,0
sapt_lora,9,task1729_personachat_generate_next,14.559657795529724,0.0,11.776234281876024,6.545,10.17,171,im sorry to hear that,0.07,0,0,23,19
sapt_lora,9,task748_glucose_reverse_cause_event_detection,37.16299680077173,0.0,33.590095482333,12.33,12.79,199,i causesenables i,0.01,7,0,6,5
sapt_lora,9,medical_mts_dialog_note,18.075573699036582,0.0,20.758385398257943,24.485,38.375,196,patient thank you,0.015,3,0,73,92
sapt_lora,9,medical_iu_xray_impression,9.928951606316355,0.0,12.043521664150795,55.8,9.15,200,chest radiograph demonstrates normal cardiomegaly with no evidence of cardiomegaly lungs appear normal without evidence of consolidation pneumothorax or large pleural effusion there are no acute abnormalities of bones,0.005,14,0,191,141
sapt_lora,9,natural_vqav2,86.41388888888889,83.5,85.11904761904762,1.04,1.055,95,yes,0.2,0,0,35,37
sapt_lora,9,medical_vqa_rad,49.41570259805554,45.5,48.71410256410256,2.185,1.42,51,no,0.38,0,0,76,73
