stage,task_a,task_b,gradient_cosine
5,task1290_xsum_summarization,task1290_xsum_summarization,1.000357546519317
5,task1290_xsum_summarization,task002_quoref_answer_generation,0.016066899412227945
5,task1290_xsum_summarization,task1510_evalution_relation_extraction,0.012257975931420575
5,task1290_xsum_summarization,task1729_personachat_generate_next,0.06040841453603311
5,task1290_xsum_summarization,task748_glucose_reverse_cause_event_detection,-0.030056809711227397
5,task1290_xsum_summarization,medical_mts_dialog_note,-0.04193991555929962
5,task1290_xsum_summarization,medical_iu_xray_impression,-0.007128290953802169
5,task1290_xsum_summarization,natural_vqav2,-0.02982322731329133
5,task1290_xsum_summarization,medical_vqa_rad,-0.008478777307450813
5,task002_quoref_answer_generation,task1290_xsum_summarization,0.016066899412227945
5,task002_quoref_answer_generation,task002_quoref_answer_generation,1.0003345708513385
5,task002_quoref_answer_generation,task1510_evalution_relation_extraction,0.01984135069103607
5,task002_quoref_answer_generation,task1729_personachat_generate_next,0.058990017310628126
5,task002_quoref_answer_generation,task748_glucose_reverse_cause_event_detection,0.078371667662615
5,task002_quoref_answer_generation,medical_mts_dialog_note,-0.025604488510700907
5,task002_quoref_answer_generation,medical_iu_xray_impression,0.03455788215854229
5,task002_quoref_answer_generation,natural_vqav2,0.03060579279601854
5,task002_quoref_answer_generation,medical_vqa_rad,0.0236217551443717
5,task1510_evalution_relation_extraction,task1290_xsum_summarization,0.012257975931420575
5,task1510_evalution_relation_extraction,task002_quoref_answer_generation,0.01984135069103607
5,task1510_evalution_relation_extraction,task1510_evalution_relation_extraction,1.0003153260573459
5,task1510_evalution_relation_extraction,task1729_personachat_generate_next,-0.015927874471064803
5,task1510_evalution_relation_extraction,task748_glucose_reverse_cause_event_detection,-0.06107678703445964
5,task1510_evalution_relation_extraction,medical_mts_dialog_note,-0.1512590652699436
5,task1510_evalution_relation_extraction,medical_iu_xray_impression,0.012573481327841215
5,task1510_evalution_relation_extraction,natural_vqav2,-0.00861531033154272
5,task1510_evalution_relation_extraction,medical_vqa_rad,0.013253720111904066
5,task1729_personachat_generate_next,task1290_xsum_summarization,0.06040841453603311
5,task1729_personachat_generate_next,task002_quoref_answer_generation,0.058990017310628126
5,task1729_personachat_generate_next,task1510_evalution_relation_extraction,-0.015927874471064803
5,task1729_personachat_generate_next,task1729_personachat_generate_next,1.0003372671682509
5,task1729_personachat_generate_next,task748_glucose_reverse_cause_event_detection,0.012919269872362013
5,task1729_personachat_generate_next,medical_mts_dialog_note,0.03313148515789349
5,task1729_personachat_generate_next,medical_iu_xray_impression,-0.060232763406309786
5,task1729_personachat_generate_next,natural_vqav2,0.012207065206953178
5,task1729_personachat_generate_next,medical_vqa_rad,-0.035200300642717224
5,task748_glucose_reverse_cause_event_detection,task1290_xsum_summarization,-0.030056809711227397
5,task748_glucose_reverse_cause_event_detection,task002_quoref_answer_generation,0.078371667662615
5,task748_glucose_reverse_cause_event_detection,task1510_evalution_relation_extraction,-0.06107678703445964
5,task748_glucose_reverse_cause_event_detection,task1729_personachat_generate_next,0.012919269872362013
5,task748_glucose_reverse_cause_event_detection,task748_glucose_reverse_cause_event_detection,1.000313691426993
5,task748_glucose_reverse_cause_event_detection,medical_mts_dialog_note,0.11148393745155995
5,task748_glucose_reverse_cause_event_detection,medical_iu_xray_impression,0.01060807158545631
5,task748_glucose_reverse_cause_event_detection,natural_vqav2,-0.06535510647079505
5,task748_glucose_reverse_cause_event_detection,medical_vqa_rad,0.0792465692883557
5,medical_mts_dialog_note,task1290_xsum_summarization,-0.04193991555929962
5,medical_mts_dialog_note,task002_quoref_answer_generation,-0.025604488510700907
5,medical_mts_dialog_note,task1510_evalution_relation_extraction,-0.1512590652699436
5,medical_mts_dialog_note,task1729_personachat_generate_next,0.03313148515789349
5,medical_mts_dialog_note,task748_glucose_reverse_cause_event_detection,0.11148393745155995
5,medical_mts_dialog_note,medical_mts_dialog_note,1.0003862641097834
5,medical_mts_dialog_note,medical_iu_xray_impression,0.10914988912320274
5,medical_mts_dialog_note,natural_vqav2,-0.0012063752542481876
5,medical_mts_dialog_note,medical_vqa_rad,-0.01921615780098208
5,medical_iu_xray_impression,task1290_xsum_summarization,-0.007128290953802169
5,medical_iu_xray_impression,task002_quoref_answer_generation,0.03455788215854229
5,medical_iu_xray_impression,task1510_evalution_relation_extraction,0.012573481327841215
5,medical_iu_xray_impression,task1729_personachat_generate_next,-0.060232763406309786
5,medical_iu_xray_impression,task748_glucose_reverse_cause_event_detection,0.01060807158545631
5,medical_iu_xray_impression,medical_mts_dialog_note,0.10914988912320274
5,medical_iu_xray_impression,medical_iu_xray_impression,1.0003853391753612
5,medical_iu_xray_impression,natural_vqav2,0.04513468532951355
5,medical_iu_xray_impression,medical_vqa_rad,0.00027929187976327127
5,natural_vqav2,task1290_xsum_summarization,-0.02982322731329133
5,natural_vqav2,task002_quoref_answer_generation,0.03060579279601854
5,natural_vqav2,task1510_evalution_relation_extraction,-0.00861531033154272
5,natural_vqav2,task1729_personachat_generate_next,0.012207065206953178
5,natural_vqav2,task748_glucose_reverse_cause_event_detection,-0.06535510647079505
5,natural_vqav2,medical_mts_dialog_note,-0.0012063752542481876
5,natural_vqav2,medical_iu_xray_impression,0.04513468532951355
5,natural_vqav2,natural_vqav2,1.0004144965290214
5,natural_vqav2,medical_vqa_rad,0.009521800694595923
5,medical_vqa_rad,task1290_xsum_summarization,-0.008478777307450813
5,medical_vqa_rad,task002_quoref_answer_generation,0.0236217551443717
5,medical_vqa_rad,task1510_evalution_relation_extraction,0.013253720111904066
5,medical_vqa_rad,task1729_personachat_generate_next,-0.035200300642717224
5,medical_vqa_rad,task748_glucose_reverse_cause_event_detection,0.0792465692883557
5,medical_vqa_rad,medical_mts_dialog_note,-0.01921615780098208
5,medical_vqa_rad,medical_iu_xray_impression,0.00027929187976327127
5,medical_vqa_rad,natural_vqav2,0.009521800694595923
5,medical_vqa_rad,medical_vqa_rad,1.0003738496636587
6,task1290_xsum_summarization,task1290_xsum_summarization,1.000365659070141
6,task1290_xsum_summarization,task002_quoref_answer_generation,0.05512513507971545
6,task1290_xsum_summarization,task1510_evalution_relation_extraction,0.03801781554334388
6,task1290_xsum_summarization,task1729_personachat_generate_next,0.08223988678766653
6,task1290_xsum_summarization,task748_glucose_reverse_cause_event_detection,0.016525694716682127
6,task1290_xsum_summarization,medical_mts_dialog_note,0.050442182528233015
6,task1290_xsum_summarization,medical_iu_xray_impression,-0.05090851788781152
6,task1290_xsum_summarization,natural_vqav2,-0.016654117700171646
6,task1290_xsum_summarization,medical_vqa_rad,-0.025783569668271163
6,task002_quoref_answer_generation,task1290_xsum_summarization,0.05512513507971545
6,task002_quoref_answer_generation,task002_quoref_answer_generation,1.0003380521230552
6,task002_quoref_answer_generation,task1510_evalution_relation_extraction,-0.03930557993429669
6,task002_quoref_answer_generation,task1729_personachat_generate_next,0.018340197300240613
6,task002_quoref_answer_generation,task748_glucose_reverse_cause_event_detection,0.06283022694048007
6,task002_quoref_answer_generation,medical_mts_dialog_note,0.08219738500764211
6,task002_quoref_answer_generation,medical_iu_xray_impression,0.04156152770412003
6,task002_quoref_answer_generation,natural_vqav2,0.040916697662452144
6,task002_quoref_answer_generation,medical_vqa_rad,0.05376936579118895
6,task1510_evalution_relation_extraction,task1290_xsum_summarization,0.03801781554334388
6,task1510_evalution_relation_extraction,task002_quoref_answer_generation,-0.03930557993429669
6,task1510_evalution_relation_extraction,task1510_evalution_relation_extraction,1.0003220063287088
6,task1510_evalution_relation_extraction,task1729_personachat_generate_next,0.04262503598035987
6,task1510_evalution_relation_extraction,task748_glucose_reverse_cause_event_detection,-0.062355464670760176
6,task1510_evalution_relation_extraction,medical_mts_dialog_note,-0.06903362637191612
6,task1510_evalution_relation_extraction,medical_iu_xray_impression,-0.009716791274211269
6,task1510_evalution_relation_extraction,natural_vqav2,-0.017030806867010025
6,task1510_evalution_relation_extraction,medical_vqa_rad,0.017528333060493458
6,task1729_personachat_generate_next,task1290_xsum_summarization,0.08223988678766653
6,task1729_personachat_generate_next,task002_quoref_answer_generation,0.018340197300240613
6,task1729_personachat_generate_next,task1510_evalution_relation_extraction,0.04262503598035987
6,task1729_personachat_generate_next,task1729_personachat_generate_next,1.0003654560494066
6,task1729_personachat_generate_next,task748_glucose_reverse_cause_event_detection,0.06438548916076688
6,task1729_personachat_generate_next,medical_mts_dialog_note,-0.003756610085502996
6,task1729_personachat_generate_next,medical_iu_xray_impression,-0.08438905928473328
6,task1729_personachat_generate_next,natural_vqav2,-0.04613259778180952
6,task1729_personachat_generate_next,medical_vqa_rad,-0.01811977717678533
6,task748_glucose_reverse_cause_event_detection,task1290_xsum_summarization,0.016525694716682127
6,task748_glucose_reverse_cause_event_detection,task002_quoref_answer_generation,0.06283022694048007
6,task748_glucose_reverse_cause_event_detection,task1510_evalution_relation_extraction,-0.062355464670760176
6,task748_glucose_reverse_cause_event_detection,task1729_personachat_generate_next,0.06438548916076688
6,task748_glucose_reverse_cause_event_detection,task748_glucose_reverse_cause_event_detection,1.0003403364287842
6,task748_glucose_reverse_cause_event_detection,medical_mts_dialog_note,-0.004521561801576176
6,task748_glucose_reverse_cause_event_detection,medical_iu_xray_impression,-0.04490517590971045
6,task748_glucose_reverse_cause_event_detection,natural_vqav2,-0.07296949165265156
6,task748_glucose_reverse_cause_event_detection,medical_vqa_rad,0.020912920092909126
6,medical_mts_dialog_note,task1290_xsum_summarization,0.050442182528233015
6,medical_mts_dialog_note,task002_quoref_answer_generation,0.08219738500764211
6,medical_mts_dialog_note,task1510_evalution_relation_extraction,-0.06903362637191612
6,medical_mts_dialog_note,task1729_personachat_generate_next,-0.003756610085502996
6,medical_mts_dialog_note,task748_glucose_reverse_cause_event_detection,-0.004521561801576176
6,medical_mts_dialog_note,medical_mts_dialog_note,1.0003992650947677
6,medical_mts_dialog_note,medical_iu_xray_impression,0.044971934692521476
6,medical_mts_dialog_note,natural_vqav2,0.05357584142304988
6,medical_mts_dialog_note,medical_vqa_rad,0.009532960793384051
6,medical_iu_xray_impression,task1290_xsum_summarization,-0.05090851788781152
6,medical_iu_xray_impression,task002_quoref_answer_generation,0.04156152770412003
6,medical_iu_xray_impression,task1510_evalution_relation_extraction,-0.009716791274211269
6,medical_iu_xray_impression,task1729_personachat_generate_next,-0.08438905928473328
6,medical_iu_xray_impression,task748_glucose_reverse_cause_event_detection,-0.04490517590971045
6,medical_iu_xray_impression,medical_mts_dialog_note,0.044971934692521476
6,medical_iu_xray_impression,medical_iu_xray_impression,1.0004200762881854
6,medical_iu_xray_impression,natural_vqav2,0.04176064559276608
6,medical_iu_xray_impression,medical_vqa_rad,0.026912257677664555
6,natural_vqav2,task1290_xsum_summarization,-0.016654117700171646
6,natural_vqav2,task002_quoref_answer_generation,0.040916697662452144
6,natural_vqav2,task1510_evalution_relation_extraction,-0.017030806867010025
6,natural_vqav2,task1729_personachat_generate_next,-0.04613259778180952
6,natural_vqav2,task748_glucose_reverse_cause_event_detection,-0.07296949165265156
6,natural_vqav2,medical_mts_dialog_note,0.05357584142304988
6,natural_vqav2,medical_iu_xray_impression,0.04176064559276608
6,natural_vqav2,natural_vqav2,1.000401460876129
6,natural_vqav2,medical_vqa_rad,0.21490183090649267
6,medical_vqa_rad,task1290_xsum_summarization,-0.025783569668271163
6,medical_vqa_rad,task002_quoref_answer_generation,0.05376936579118895
6,medical_vqa_rad,task1510_evalution_relation_extraction,0.017528333060493458
6,medical_vqa_rad,task1729_personachat_generate_next,-0.01811977717678533
6,medical_vqa_rad,task748_glucose_reverse_cause_event_detection,0.020912920092909126
6,medical_vqa_rad,medical_mts_dialog_note,0.009532960793384051
6,medical_vqa_rad,medical_iu_xray_impression,0.026912257677664555
6,medical_vqa_rad,natural_vqav2,0.21490183090649267
6,medical_vqa_rad,medical_vqa_rad,1.000382149240898
7,task1290_xsum_summarization,task1290_xsum_summarization,1.00038633438234
7,task1290_xsum_summarization,task002_quoref_answer_generation,0.06632038014584223
7,task1290_xsum_summarization,task1510_evalution_relation_extraction,0.02262078407966699
7,task1290_xsum_summarization,task1729_personachat_generate_next,0.12457486893875722
7,task1290_xsum_summarization,task748_glucose_reverse_cause_event_detection,0.11809753827721405
7,task1290_xsum_summarization,medical_mts_dialog_note,0.017314891274448074
7,task1290_xsum_summarization,medical_iu_xray_impression,0.036699540812003384
7,task1290_xsum_summarization,natural_vqav2,0.03974247685704512
7,task1290_xsum_summarization,medical_vqa_rad,0.06199054388731481
7,task002_quoref_answer_generation,task1290_xsum_summarization,0.06632038014584223
7,task002_quoref_answer_generation,task002_quoref_answer_generation,1.000375690926817
7,task002_quoref_answer_generation,task1510_evalution_relation_extraction,-0.022032419275821963
7,task002_quoref_answer_generation,task1729_personachat_generate_next,0.07608513926030504
7,task002_quoref_answer_generation,task748_glucose_reverse_cause_event_detection,0.03972318339508761
7,task002_quoref_answer_generation,medical_mts_dialog_note,0.05545549120999427
7,task002_quoref_answer_generation,medical_iu_xray_impression,0.18374813551185853
7,task002_quoref_answer_generation,natural_vqav2,0.02502130806537659
7,task002_quoref_answer_generation,medical_vqa_rad,0.05179182354377473
7,task1510_evalution_relation_extraction,task1290_xsum_summarization,0.02262078407966699
7,task1510_evalution_relation_extraction,task002_quoref_answer_generation,-0.022032419275821963
7,task1510_evalution_relation_extraction,task1510_evalution_relation_extraction,1.0003409738054692
7,task1510_evalution_relation_extraction,task1729_personachat_generate_next,0.020351821086961114
7,task1510_evalution_relation_extraction,task748_glucose_reverse_cause_event_detection,0.02577961284500543
7,task1510_evalution_relation_extraction,medical_mts_dialog_note,0.10470162974334826
7,task1510_evalution_relation_extraction,medical_iu_xray_impression,-0.012260210757697645
7,task1510_evalution_relation_extraction,natural_vqav2,0.030038971328985146
7,task1510_evalution_relation_extraction,medical_vqa_rad,0.02842651433549585
7,task1729_personachat_generate_next,task1290_xsum_summarization,0.12457486893875722
7,task1729_personachat_generate_next,task002_quoref_answer_generation,0.07608513926030504
7,task1729_personachat_generate_next,task1510_evalution_relation_extraction,0.020351821086961114
7,task1729_personachat_generate_next,task1729_personachat_generate_next,1.0003794926298957
7,task1729_personachat_generate_next,task748_glucose_reverse_cause_event_detection,0.11850255478178344
7,task1729_personachat_generate_next,medical_mts_dialog_note,0.19579455150891192
7,task1729_personachat_generate_next,medical_iu_xray_impression,-0.05631498176251179
7,task1729_personachat_generate_next,natural_vqav2,0.02746002190282497
7,task1729_personachat_generate_next,medical_vqa_rad,0.028258596892290808
7,task748_glucose_reverse_cause_event_detection,task1290_xsum_summarization,0.11809753827721405
7,task748_glucose_reverse_cause_event_detection,task002_quoref_answer_generation,0.03972318339508761
7,task748_glucose_reverse_cause_event_detection,task1510_evalution_relation_extraction,0.02577961284500543
7,task748_glucose_reverse_cause_event_detection,task1729_personachat_generate_next,0.11850255478178344
7,task748_glucose_reverse_cause_event_detection,task748_glucose_reverse_cause_event_detection,1.0003952913816487
7,task748_glucose_reverse_cause_event_detection,medical_mts_dialog_note,-0.10759620460403348
7,task748_glucose_reverse_cause_event_detection,medical_iu_xray_impression,0.08511580483540919
7,task748_glucose_reverse_cause_event_detection,natural_vqav2,0.015676826849214023
7,task748_glucose_reverse_cause_event_detection,medical_vqa_rad,0.013752227932915357
7,medical_mts_dialog_note,task1290_xsum_summarization,0.017314891274448074
7,medical_mts_dialog_note,task002_quoref_answer_generation,0.05545549120999427
7,medical_mts_dialog_note,task1510_evalution_relation_extraction,0.10470162974334826
7,medical_mts_dialog_note,task1729_personachat_generate_next,0.19579455150891192
7,medical_mts_dialog_note,task748_glucose_reverse_cause_event_detection,-0.10759620460403348
7,medical_mts_dialog_note,medical_mts_dialog_note,1.0004256078289344
7,medical_mts_dialog_note,medical_iu_xray_impression,-0.21926614487094007
7,medical_mts_dialog_note,natural_vqav2,0.03579247249767195
7,medical_mts_dialog_note,medical_vqa_rad,0.033729605532677974
7,medical_iu_xray_impression,task1290_xsum_summarization,0.036699540812003384
7,medical_iu_xray_impression,task002_quoref_answer_generation,0.18374813551185853
7,medical_iu_xray_impression,task1510_evalution_relation_extraction,-0.012260210757697645
7,medical_iu_xray_impression,task1729_personachat_generate_next,-0.05631498176251179
7,medical_iu_xray_impression,task748_glucose_reverse_cause_event_detection,0.08511580483540919
7,medical_iu_xray_impression,medical_mts_dialog_note,-0.21926614487094007
7,medical_iu_xray_impression,medical_iu_xray_impression,1.000461828062349
7,medical_iu_xray_impression,natural_vqav2,0.021589032592585666
7,medical_iu_xray_impression,medical_vqa_rad,0.01968988711972306
7,natural_vqav2,task1290_xsum_summarization,0.03974247685704512
7,natural_vqav2,task002_quoref_answer_generation,0.02502130806537659
7,natural_vqav2,task1510_evalution_relation_extraction,0.030038971328985146
7,natural_vqav2,task1729_personachat_generate_next,0.02746002190282497
7,natural_vqav2,task748_glucose_reverse_cause_event_detection,0.015676826849214023
7,natural_vqav2,medical_mts_dialog_note,0.03579247249767195
7,natural_vqav2,medical_iu_xray_impression,0.021589032592585666
7,natural_vqav2,natural_vqav2,1.0003796119905528
7,natural_vqav2,medical_vqa_rad,0.27631741325817083
7,medical_vqa_rad,task1290_xsum_summarization,0.06199054388731481
7,medical_vqa_rad,task002_quoref_answer_generation,0.05179182354377473
7,medical_vqa_rad,task1510_evalution_relation_extraction,0.02842651433549585
7,medical_vqa_rad,task1729_personachat_generate_next,0.028258596892290808
7,medical_vqa_rad,task748_glucose_reverse_cause_event_detection,0.013752227932915357
7,medical_vqa_rad,medical_mts_dialog_note,0.033729605532677974
7,medical_vqa_rad,medical_iu_xray_impression,0.01968988711972306
7,medical_vqa_rad,natural_vqav2,0.27631741325817083
7,medical_vqa_rad,medical_vqa_rad,1.0004101003312815
8,task1290_xsum_summarization,task1290_xsum_summarization,1.000402108288074
8,task1290_xsum_summarization,task002_quoref_answer_generation,0.1831266889877761
8,task1290_xsum_summarization,task1510_evalution_relation_extraction,-0.008296737738045996
8,task1290_xsum_summarization,task1729_personachat_generate_next,0.20882361819980474
8,task1290_xsum_summarization,task748_glucose_reverse_cause_event_detection,0.19329718033353943
8,task1290_xsum_summarization,medical_mts_dialog_note,0.0998188361063592
8,task1290_xsum_summarization,medical_iu_xray_impression,0.12028773546845592
8,task1290_xsum_summarization,natural_vqav2,0.004075624016588212
8,task1290_xsum_summarization,medical_vqa_rad,0.020967471772416972
8,task002_quoref_answer_generation,task1290_xsum_summarization,0.1831266889877761
8,task002_quoref_answer_generation,task002_quoref_answer_generation,1.0003875852396897
8,task002_quoref_answer_generation,task1510_evalution_relation_extraction,-0.14260976701933617
8,task002_quoref_answer_generation,task1729_personachat_generate_next,0.20398099636132724
8,task002_quoref_answer_generation,task748_glucose_reverse_cause_event_detection,0.12560435523858776
8,task002_quoref_answer_generation,medical_mts_dialog_note,0.15016346819857276
8,task002_quoref_answer_generation,medical_iu_xray_impression,0.17512584321509264
8,task002_quoref_answer_generation,natural_vqav2,0.011445081260193366
8,task002_quoref_answer_generation,medical_vqa_rad,0.005562910376142972
8,task1510_evalution_relation_extraction,task1290_xsum_summarization,-0.008296737738045996
8,task1510_evalution_relation_extraction,task002_quoref_answer_generation,-0.14260976701933617
8,task1510_evalution_relation_extraction,task1510_evalution_relation_extraction,1.0003556475430728
8,task1510_evalution_relation_extraction,task1729_personachat_generate_next,0.014050136431843543
8,task1510_evalution_relation_extraction,task748_glucose_reverse_cause_event_detection,0.026868657114078588
8,task1510_evalution_relation_extraction,medical_mts_dialog_note,-0.022678477696178548
8,task1510_evalution_relation_extraction,medical_iu_xray_impression,-0.0840569515598632
8,task1510_evalution_relation_extraction,natural_vqav2,0.03558941616066052
8,task1510_evalution_relation_extraction,medical_vqa_rad,-0.028724015991701806
8,task1729_personachat_generate_next,task1290_xsum_summarization,0.20882361819980474
8,task1729_personachat_generate_next,task002_quoref_answer_generation,0.20398099636132724
8,task1729_personachat_generate_next,task1510_evalution_relation_extraction,0.014050136431843543
8,task1729_personachat_generate_next,task1729_personachat_generate_next,1.0003973109799758
8,task1729_personachat_generate_next,task748_glucose_reverse_cause_event_detection,0.08057182981929933
8,task1729_personachat_generate_next,medical_mts_dialog_note,0.41949545122754545
8,task1729_personachat_generate_next,medical_iu_xray_impression,0.348359955658427
8,task1729_personachat_generate_next,natural_vqav2,0.05314157866933877
8,task1729_personachat_generate_next,medical_vqa_rad,-0.01121800481346863
8,task748_glucose_reverse_cause_event_detection,task1290_xsum_summarization,0.19329718033353943
8,task748_glucose_reverse_cause_event_detection,task002_quoref_answer_generation,0.12560435523858776
8,task748_glucose_reverse_cause_event_detection,task1510_evalution_relation_extraction,0.026868657114078588
8,task748_glucose_reverse_cause_event_detection,task1729_personachat_generate_next,0.08057182981929933
8,task748_glucose_reverse_cause_event_detection,task748_glucose_reverse_cause_event_detection,1.0004021697413306
8,task748_glucose_reverse_cause_event_detection,medical_mts_dialog_note,0.01099065593034044
8,task748_glucose_reverse_cause_event_detection,medical_iu_xray_impression,-0.009568866431350005
8,task748_glucose_reverse_cause_event_detection,natural_vqav2,0.033429030396114896
8,task748_glucose_reverse_cause_event_detection,medical_vqa_rad,0.016137320260392347
8,medical_mts_dialog_note,task1290_xsum_summarization,0.0998188361063592
8,medical_mts_dialog_note,task002_quoref_answer_generation,0.15016346819857276
8,medical_mts_dialog_note,task1510_evalution_relation_extraction,-0.022678477696178548
8,medical_mts_dialog_note,task1729_personachat_generate_next,0.41949545122754545
8,medical_mts_dialog_note,task748_glucose_reverse_cause_event_detection,0.01099065593034044
8,medical_mts_dialog_note,medical_mts_dialog_note,1.000397881062915
8,medical_mts_dialog_note,medical_iu_xray_impression,0.37137815003252794
8,medical_mts_dialog_note,natural_vqav2,0.03069536076706261
8,medical_mts_dialog_note,medical_vqa_rad,0.06638211890693889
8,medical_iu_xray_impression,task1290_xsum_summarization,0.12028773546845592
8,medical_iu_xray_impression,task002_quoref_answer_generation,0.17512584321509264
8,medical_iu_xray_impression,task1510_evalution_relation_extraction,-0.0840569515598632
8,medical_iu_xray_impression,task1729_personachat_generate_next,0.348359955658427
8,medical_iu_xray_impression,task748_glucose_reverse_cause_event_detection,-0.009568866431350005
8,medical_iu_xray_impression,medical_mts_dialog_note,0.37137815003252794
8,medical_iu_xray_impression,medical_iu_xray_impression,1.000427677743343
8,medical_iu_xray_impression,natural_vqav2,0.048032588423853155
8,medical_iu_xray_impression,medical_vqa_rad,-0.039291891004225206
8,natural_vqav2,task1290_xsum_summarization,0.004075624016588212
8,natural_vqav2,task002_quoref_answer_generation,0.011445081260193366
8,natural_vqav2,task1510_evalution_relation_extraction,0.03558941616066052
8,natural_vqav2,task1729_personachat_generate_next,0.05314157866933877
8,natural_vqav2,task748_glucose_reverse_cause_event_detection,0.033429030396114896
8,natural_vqav2,medical_mts_dialog_note,0.03069536076706261
8,natural_vqav2,medical_iu_xray_impression,0.048032588423853155
8,natural_vqav2,natural_vqav2,1.0003094922836342
8,natural_vqav2,medical_vqa_rad,-0.10517178581418202
8,medical_vqa_rad,task1290_xsum_summarization,0.020967471772416972
8,medical_vqa_rad,task002_quoref_answer_generation,0.005562910376142972
8,medical_vqa_rad,task1510_evalution_relation_extraction,-0.028724015991701806
8,medical_vqa_rad,task1729_personachat_generate_next,-0.01121800481346863
8,medical_vqa_rad,task748_glucose_reverse_cause_event_detection,0.016137320260392347
8,medical_vqa_rad,medical_mts_dialog_note,0.06638211890693889
8,medical_vqa_rad,medical_iu_xray_impression,-0.039291891004225206
8,medical_vqa_rad,natural_vqav2,-0.10517178581418202
8,medical_vqa_rad,medical_vqa_rad,1.0003441921787641
9,task1290_xsum_summarization,task1290_xsum_summarization,1.0004213106033495
9,task1290_xsum_summarization,task002_quoref_answer_generation,0.16985535236184615
9,task1290_xsum_summarization,task1510_evalution_relation_extraction,-0.08267315425602391
9,task1290_xsum_summarization,task1729_personachat_generate_next,0.1756490369446311
9,task1290_xsum_summarization,task748_glucose_reverse_cause_event_detection,-0.0382003419736019
9,task1290_xsum_summarization,medical_mts_dialog_note,0.10303448529137822
9,task1290_xsum_summarization,medical_iu_xray_impression,-0.03237734861431677
9,task1290_xsum_summarization,natural_vqav2,-0.02201062529943937
9,task1290_xsum_summarization,medical_vqa_rad,0.0027474370053926843
9,task002_quoref_answer_generation,task1290_xsum_summarization,0.16985535236184615
9,task002_quoref_answer_generation,task002_quoref_answer_generation,1.0003929602282615
9,task002_quoref_answer_generation,task1510_evalution_relation_extraction,-0.2217927141940173
9,task002_quoref_answer_generation,task1729_personachat_generate_next,0.09684785183243241
9,task002_quoref_answer_generation,task748_glucose_reverse_cause_event_detection,-0.04966151398783889
9,task002_quoref_answer_generation,medical_mts_dialog_note,0.010405453028106805
9,task002_quoref_answer_generation,medical_iu_xray_impression,-0.021073756265845348
9,task002_quoref_answer_generation,natural_vqav2,0.005959977701337785
9,task002_quoref_answer_generation,medical_vqa_rad,0.0013018957206631565
9,task1510_evalution_relation_extraction,task1290_xsum_summarization,-0.08267315425602391
9,task1510_evalution_relation_extraction,task002_quoref_answer_generation,-0.2217927141940173
9,task1510_evalution_relation_extraction,task1510_evalution_relation_extraction,1.0003550790640432
9,task1510_evalution_relation_extraction,task1729_personachat_generate_next,-0.005162340683127158
9,task1510_evalution_relation_extraction,task748_glucose_reverse_cause_event_detection,0.07998873958609944
9,task1510_evalution_relation_extraction,medical_mts_dialog_note,0.00958342228786994
9,task1510_evalution_relation_extraction,medical_iu_xray_impression,-0.03153432710754056
9,task1510_evalution_relation_extraction,natural_vqav2,0.011146654657706754
9,task1510_evalution_relation_extraction,medical_vqa_rad,0.035758773206422186
9,task1729_personachat_generate_next,task1290_xsum_summarization,0.1756490369446311
9,task1729_personachat_generate_next,task002_quoref_answer_generation,0.09684785183243241
9,task1729_personachat_generate_next,task1510_evalution_relation_extraction,-0.005162340683127158
9,task1729_personachat_generate_next,task1729_personachat_generate_next,1.0003288193040738
9,task1729_personachat_generate_next,task748_glucose_reverse_cause_event_detection,0.019210659115597613
9,task1729_personachat_generate_next,medical_mts_dialog_note,0.11117978796208314
9,task1729_personachat_generate_next,medical_iu_xray_impression,0.0011570812781075393
9,task1729_personachat_generate_next,natural_vqav2,0.013294069117488214
9,task1729_personachat_generate_next,medical_vqa_rad,-0.027366710640888824
9,task748_glucose_reverse_cause_event_detection,task1290_xsum_summarization,-0.0382003419736019
9,task748_glucose_reverse_cause_event_detection,task002_quoref_answer_generation,-0.04966151398783889
9,task748_glucose_reverse_cause_event_detection,task1510_evalution_relation_extraction,0.07998873958609944
9,task748_glucose_reverse_cause_event_detection,task1729_personachat_generate_next,0.019210659115597613
9,task748_glucose_reverse_cause_event_detection,task748_glucose_reverse_cause_event_detection,1.0003908788890055
9,task748_glucose_reverse_cause_event_detection,medical_mts_dialog_note,-0.02830253282920888
9,task748_glucose_reverse_cause_event_detection,medical_iu_xray_impression,-0.020190798565925348
9,task748_glucose_reverse_cause_event_detection,natural_vqav2,0.04591780080377162
9,task748_glucose_reverse_cause_event_detection,medical_vqa_rad,0.05639957534945075
9,medical_mts_dialog_note,task1290_xsum_summarization,0.10303448529137822
9,medical_mts_dialog_note,task002_quoref_answer_generation,0.010405453028106805
9,medical_mts_dialog_note,task1510_evalution_relation_extraction,0.00958342228786994
9,medical_mts_dialog_note,task1729_personachat_generate_next,0.11117978796208314
9,medical_mts_dialog_note,task748_glucose_reverse_cause_event_detection,-0.02830253282920888
9,medical_mts_dialog_note,medical_mts_dialog_note,1.000384055941304
9,medical_mts_dialog_note,medical_iu_xray_impression,-0.20628533116921374
9,medical_mts_dialog_note,natural_vqav2,0.04696268107714555
9,medical_mts_dialog_note,medical_vqa_rad,0.04047762116810757
9,medical_iu_xray_impression,task1290_xsum_summarization,-0.03237734861431677
9,medical_iu_xray_impression,task002_quoref_answer_generation,-0.021073756265845348
9,medical_iu_xray_impression,task1510_evalution_relation_extraction,-0.03153432710754056
9,medical_iu_xray_impression,task1729_personachat_generate_next,0.0011570812781075393
9,medical_iu_xray_impression,task748_glucose_reverse_cause_event_detection,-0.020190798565925348
9,medical_iu_xray_impression,medical_mts_dialog_note,-0.20628533116921374
9,medical_iu_xray_impression,medical_iu_xray_impression,1.0004119694211635
9,medical_iu_xray_impression,natural_vqav2,-0.0013141929523977954
9,medical_iu_xray_impression,medical_vqa_rad,-0.02285004670904559
9,natural_vqav2,task1290_xsum_summarization,-0.02201062529943937
9,natural_vqav2,task002_quoref_answer_generation,0.005959977701337785
9,natural_vqav2,task1510_evalution_relation_extraction,0.011146654657706754
9,natural_vqav2,task1729_personachat_generate_next,0.013294069117488214
9,natural_vqav2,task748_glucose_reverse_cause_event_detection,0.04591780080377162
9,natural_vqav2,medical_mts_dialog_note,0.04696268107714555
9,natural_vqav2,medical_iu_xray_impression,-0.0013141929523977954
9,natural_vqav2,natural_vqav2,1.0003270568035192
9,natural_vqav2,medical_vqa_rad,0.005712922028408696
9,medical_vqa_rad,task1290_xsum_summarization,0.0027474370053926843
9,medical_vqa_rad,task002_quoref_answer_generation,0.0013018957206631565
9,medical_vqa_rad,task1510_evalution_relation_extraction,0.035758773206422186
9,medical_vqa_rad,task1729_personachat_generate_next,-0.027366710640888824
9,medical_vqa_rad,task748_glucose_reverse_cause_event_detection,0.05639957534945075
9,medical_vqa_rad,medical_mts_dialog_note,0.04047762116810757
9,medical_vqa_rad,medical_iu_xray_impression,-0.02285004670904559
9,medical_vqa_rad,natural_vqav2,0.005712922028408696
9,medical_vqa_rad,medical_vqa_rad,1.0002845360043768
