stage,task,n,teacher_forced_CE,gradient_norm
5,task1290_xsum_summarization,8,1.7439304143190384,2.3810269832611084
5,task002_quoref_answer_generation,8,0.23504398576915264,6.273665904998779
5,task1510_evalution_relation_extraction,8,0.07008569786557928,6.32509708404541
5,task1729_personachat_generate_next,8,2.4082723408937454,3.9260072708129883
5,task748_glucose_reverse_cause_event_detection,8,0.903907235711813,4.029959201812744
5,medical_mts_dialog_note,8,2.048124924302101,8.000965118408203
5,medical_iu_xray_impression,8,3.096229314804077,30.735286712646484
5,natural_vqav2,8,0.3593557446729392,7.740340709686279
5,medical_vqa_rad,8,0.5953847570344806,5.558064937591553
6,task1290_xsum_summarization,8,1.7628186792135239,2.83148193359375
6,task002_quoref_answer_generation,8,0.25509646418504417,9.464414596557617
6,task1510_evalution_relation_extraction,8,0.09657505666837096,6.436439037322998
6,task1729_personachat_generate_next,8,2.417497009038925,4.115965366363525
6,task748_glucose_reverse_cause_event_detection,8,0.8853308781981468,4.251997470855713
6,medical_mts_dialog_note,8,1.6595413088798523,3.7319936752319336
6,medical_iu_xray_impression,8,3.0470051169395447,29.658361434936523
6,natural_vqav2,8,0.3697715799789876,7.732809066772461
6,medical_vqa_rad,8,0.6301340330392122,8.421026229858398
7,task1290_xsum_summarization,8,1.7933431416749954,5.025232791900635
7,task002_quoref_answer_generation,8,0.3444483634084463,12.548521995544434
7,task1510_evalution_relation_extraction,8,0.13092856225557625,9.5523042678833
7,task1729_personachat_generate_next,8,2.4443067610263824,5.237573623657227
7,task748_glucose_reverse_cause_event_detection,8,0.9471996314823627,10.30215835571289
7,medical_mts_dialog_note,8,1.699412651360035,6.791412830352783
7,medical_iu_xray_impression,8,1.8224617093801498,8.797508239746094
7,natural_vqav2,8,0.3924886977765709,10.573763847351074
7,medical_vqa_rad,8,0.6881556138396263,19.55171012878418
8,task1290_xsum_summarization,8,1.800012156367302,6.447549819946289
8,task002_quoref_answer_generation,8,0.3784283185377717,22.567134857177734
8,task1510_evalution_relation_extraction,8,0.24167382158339024,19.48155403137207
8,task1729_personachat_generate_next,8,2.4764687716960907,7.329993724822998
8,task748_glucose_reverse_cause_event_detection,8,1.0346105881035328,11.98679256439209
8,medical_mts_dialog_note,8,1.788905382156372,11.692655563354492
8,medical_iu_xray_impression,8,1.81544928252697,10.778969764709473
8,natural_vqav2,8,0.33817574637942016,13.948055267333984
8,medical_vqa_rad,8,4.2222992815077305,50.609642028808594
9,task1290_xsum_summarization,8,1.7810308188199997,4.431069374084473
9,task002_quoref_answer_generation,8,0.4203021489083767,17.25096893310547
9,task1510_evalution_relation_extraction,8,0.26250801607966423,17.660621643066406
9,task1729_personachat_generate_next,8,2.430024430155754,4.0723347663879395
9,task748_glucose_reverse_cause_event_detection,8,0.9533774852752686,6.619605541229248
9,medical_mts_dialog_note,8,1.6927796825766563,5.6729021072387695
9,medical_iu_xray_impression,8,1.782650537788868,6.1862897872924805
9,natural_vqav2,8,0.4366188938729465,9.834404945373535
9,medical_vqa_rad,8,0.6074822619557381,5.007722854614258
