method,stage,group,n,EM,rougeL,yes_no_count,yes_references,predict_yes,predict_no,yes_to_no,no_to_yes
seq_lora,0,all,200,43.0,46.68431731667026,128,55,50,78,28,23
seq_lora,0,CLOSED,136,59.55882352941177,60.049019607843135,128,55,50,78,28,23
seq_lora,0,OPEN,64,7.8125,18.28432494792789,0,0,0,0,0,0
seq_lora,0,CHEST,91,40.65934065934066,47.073906485671195,58,14,23,35,7,16
seq_lora,0,HEAD,50,54.0,55.634188034188035,31,14,11,20,6,3
seq_lora,0,ABD,59,37.28813559322034,38.49878934624697,39,27,16,23,15,4
seq_lora,1,all,200,46.5,50.574793507146445,128,55,52,76,25,22
seq_lora,1,CLOSED,136,63.23529411764706,63.72549019607843,128,55,52,76,25,22
seq_lora,1,OPEN,64,10.9375,22.629563043165984,0,0,0,0,0,0
seq_lora,1,CHEST,91,43.956043956043956,51.54277095453566,58,14,23,35,6,15
seq_lora,1,HEAD,50,54.0,55.634188034188035,31,14,11,20,6,3
seq_lora,1,ABD,59,44.067796610169495,44.794188861985475,39,27,18,21,13,4
seq_lora,2,all,200,47.5,51.47283272283272,128,55,60,61,16,24
seq_lora,2,CLOSED,136,65.44117647058823,65.93137254901961,128,55,60,61,16,24
seq_lora,2,OPEN,64,9.375,20.748435592185594,0,0,0,0,0,0
seq_lora,2,CHEST,91,41.75824175824176,49.120879120879124,58,14,25,33,5,16
seq_lora,2,HEAD,50,62.0,63.634188034188035,31,14,14,14,2,3
seq_lora,2,ABD,59,44.067796610169495,44.794188861985475,39,27,21,14,9,5
seq_lora,3,all,200,47.0,50.58949938949939,128,55,60,68,21,26
seq_lora,3,CLOSED,136,63.23529411764706,63.72549019607843,128,55,60,68,21,26
seq_lora,3,OPEN,64,12.5,22.675518925518926,0,0,0,0,0,0
seq_lora,3,CHEST,91,40.65934065934066,47.17948717948718,58,14,26,32,6,18
seq_lora,3,HEAD,50,60.0,61.634188034188035,31,14,13,18,4,3
seq_lora,3,ABD,59,45.76271186440678,46.48910411622276,39,27,21,18,11,5
seq_lora,4,all,200,48.5,51.633222333222335,128,55,65,63,17,27
seq_lora,4,CLOSED,136,65.44117647058823,65.93137254901961,128,55,65,63,17,27
seq_lora,4,OPEN,64,12.5,21.249653124653126,0,0,0,0,0,0
seq_lora,4,CHEST,91,41.75824175824176,47.3992673992674,58,14,29,29,4,19
seq_lora,4,HEAD,50,62.0,63.6947940947941,31,14,14,17,3,3
seq_lora,4,ABD,59,47.45762711864407,47.94188861985472,39,27,22,17,10,5
seq_lora,5,all,200,49.5,53.08322233322233,128,55,71,57,13,29
seq_lora,5,CLOSED,136,66.91176470588235,67.40196078431373,128,55,71,57,13,29
seq_lora,5,OPEN,64,12.5,22.655903124653126,0,0,0,0,0,0
seq_lora,5,CHEST,91,42.857142857142854,49.48717948717949,58,14,30,28,3,19
seq_lora,5,HEAD,50,66.0,67.69479409479409,31,14,16,15,1,3
seq_lora,5,ABD,59,45.76271186440678,46.246973365617436,39,27,25,14,9,7
seq_lora,6,all,200,50.0,53.716483516483514,128,55,74,54,11,30
seq_lora,6,CLOSED,136,67.6470588235294,68.13725490196079,128,55,74,54,11,30
seq_lora,6,OPEN,64,12.5,23.07234432234432,0,0,0,0,0,0
seq_lora,6,CHEST,91,41.75824175824176,48.717948717948715,58,14,30,28,4,20
seq_lora,6,HEAD,50,64.0,65.66593406593407,31,14,18,13,0,4
seq_lora,6,ABD,59,50.847457627118644,51.29943502824859,39,27,26,13,7,6
seq_lora,7,all,200,48.5,51.77985347985348,128,55,70,56,13,30
seq_lora,7,CLOSED,136,63.970588235294116,63.970588235294116,128,55,70,56,13,30
seq_lora,7,OPEN,64,15.625,25.874542124542124,0,0,0,0,0,0
seq_lora,7,CHEST,91,42.857142857142854,48.909551986475066,58,14,30,28,4,20
seq_lora,7,HEAD,50,60.0,61.57069597069597,31,14,16,14,1,4
seq_lora,7,ABD,59,47.45762711864407,47.909604519774014,39,27,24,14,8,6
seq_lora,8,all,200,46.0,48.727777777777774,128,55,89,39,7,41
seq_lora,8,CLOSED,136,60.294117647058826,60.78431372549019,128,55,89,39,7,41
seq_lora,8,OPEN,64,15.625,23.10763888888889,0,0,0,0,0,0
seq_lora,8,CHEST,91,39.56043956043956,44.13919413919414,58,14,34,24,3,23
seq_lora,8,HEAD,50,44.0,46.577777777777776,31,14,25,6,0,11
seq_lora,8,ABD,59,57.6271186440678,57.6271186440678,39,27,30,9,4,7
seq_lora,9,all,200,49.5,53.335603285603284,128,55,52,76,23,20
seq_lora,9,CLOSED,136,63.970588235294116,64.46078431372548,128,55,52,76,23,20
seq_lora,9,OPEN,64,18.75,29.6945936008436,0,0,0,0,0,0
seq_lora,9,CHEST,91,47.252747252747255,53.476523476523475,58,14,22,36,6,14
seq_lora,9,HEAD,50,50.0,54.015140415140415,31,14,11,20,6,3
seq_lora,9,ABD,59,52.54237288135593,52.54237288135593,39,27,19,20,11,3
migu_lora,0,all,200,43.0,46.68431731667026,128,55,50,78,28,23
migu_lora,0,CLOSED,136,59.55882352941177,60.049019607843135,128,55,50,78,28,23
migu_lora,0,OPEN,64,7.8125,18.28432494792789,0,0,0,0,0,0
migu_lora,0,CHEST,91,40.65934065934066,47.073906485671195,58,14,23,35,7,16
migu_lora,0,HEAD,50,54.0,55.634188034188035,31,14,11,20,6,3
migu_lora,0,ABD,59,37.28813559322034,38.49878934624697,39,27,16,23,15,4
migu_lora,1,all,200,46.0,50.074793507146445,128,55,51,77,26,22
migu_lora,1,CLOSED,136,62.5,62.990196078431374,128,55,51,77,26,22
migu_lora,1,OPEN,64,10.9375,22.629563043165984,0,0,0,0,0,0
migu_lora,1,CHEST,91,43.956043956043956,51.54277095453566,58,14,23,35,6,15
migu_lora,1,HEAD,50,54.0,55.634188034188035,31,14,11,20,6,3
migu_lora,1,ABD,59,42.3728813559322,43.09927360774818,39,27,17,22,14,4
migu_lora,2,all,200,47.0,50.82836578626052,128,55,57,71,22,24
migu_lora,2,CLOSED,136,63.970588235294116,64.46078431372548,128,55,57,71,22,24
migu_lora,2,OPEN,64,10.9375,21.859476415397467,0,0,0,0,0,0
migu_lora,2,CHEST,91,42.857142857142854,49.71541279233587,58,14,25,33,5,16
migu_lora,2,HEAD,50,58.0,59.97426900584795,31,14,12,19,5,3
migu_lora,2,ABD,59,44.067796610169495,44.794188861985475,39,27,20,19,12,5
migu_lora,3,all,200,47.5,51.08949938949939,128,55,60,68,20,25
migu_lora,3,CLOSED,136,64.70588235294117,65.19607843137256,128,55,60,68,20,25
migu_lora,3,OPEN,64,10.9375,21.113018925518926,0,0,0,0,0,0
migu_lora,3,CHEST,91,41.75824175824176,48.27838827838828,58,14,26,32,5,17
migu_lora,3,HEAD,50,62.0,63.634188034188035,31,14,14,17,3,3
migu_lora,3,ABD,59,44.067796610169495,44.794188861985475,39,27,20,19,12,5
migu_lora,4,all,200,48.5,52.239671147565886,128,55,63,65,18,26
migu_lora,4,CLOSED,136,65.44117647058823,65.93137254901961,128,55,63,65,18,26
migu_lora,4,OPEN,64,12.5,23.14480566947672,0,0,0,0,0,0
migu_lora,4,CHEST,91,41.75824175824176,48.38827838827839,58,14,27,31,5,18
migu_lora,4,HEAD,50,62.0,64.03487506645402,31,14,14,17,3,3
migu_lora,4,ABD,59,47.45762711864407,48.18401937046005,39,27,22,17,10,5
migu_lora,5,all,200,49.0,52.91655566655567,128,55,65,63,17,27
migu_lora,5,CLOSED,136,65.44117647058823,65.93137254901961,128,55,65,63,17,27
migu_lora,5,OPEN,64,14.0625,25.26006979131979,0,0,0,0,0,0
migu_lora,5,CHEST,91,42.857142857142854,50.03663003663004,58,14,28,30,4,18
migu_lora,5,HEAD,50,64.0,65.69479409479409,31,14,15,16,2,3
migu_lora,5,ABD,59,45.76271186440678,46.52945924132365,39,27,22,17,11,6
migu_lora,6,all,200,50.0,53.80849705849706,128,55,65,63,16,26
migu_lora,6,CLOSED,136,66.91176470588235,67.40196078431373,128,55,65,63,16,26
migu_lora,6,OPEN,64,14.0625,24.92238664113664,0,0,0,0,0,0
migu_lora,6,CHEST,91,42.857142857142854,49.82530290222598,58,14,28,30,4,18
migu_lora,6,HEAD,50,64.0,65.69479409479409,31,14,15,16,2,3
migu_lora,6,ABD,59,49.152542372881356,49.87893462469734,39,27,22,17,10,5
migu_lora,7,all,200,48.5,52.00836385836386,128,55,67,61,16,28
migu_lora,7,CLOSED,136,65.44117647058823,65.93137254901961,128,55,67,61,16,28
migu_lora,7,OPEN,64,12.5,22.42197039072039,0,0,0,0,0,0
migu_lora,7,CHEST,91,45.05494505494506,51.1439842209073,58,14,29,29,3,18
migu_lora,7,HEAD,50,56.0,58.11037851037851,31,14,14,17,4,4
migu_lora,7,ABD,59,47.45762711864407,48.1703607127336,39,27,24,15,9,6
migu_lora,8,all,200,42.0,45.476262626262624,128,55,86,42,11,42
migu_lora,8,CLOSED,136,56.61764705882353,57.1078431372549,128,55,86,42,11,42
migu_lora,8,OPEN,64,10.9375,20.75915404040404,0,0,0,0,0,0
migu_lora,8,CHEST,91,38.46153846153846,43.806193806193804,58,14,33,25,3,22
migu_lora,8,HEAD,50,42.0,46.17777777777778,31,14,25,6,1,12
migu_lora,8,ABD,59,47.45762711864407,47.45762711864407,39,27,28,11,7,8
migu_lora,9,all,200,48.0,51.71893661893662,128,55,66,62,17,28
migu_lora,9,CLOSED,136,63.23529411764706,63.72549019607843,128,55,66,62,17,28
migu_lora,9,OPEN,64,15.625,26.205010267510268,0,0,0,0,0,0
migu_lora,9,CHEST,91,46.15384615384615,52.121212121212125,58,14,30,28,3,19
migu_lora,9,HEAD,50,54.0,58.015140415140415,31,14,14,17,4,4
migu_lora,9,ABD,59,45.76271186440678,45.76271186440678,39,27,22,17,10,5
olora,0,all,200,43.0,46.68431731667026,128,55,50,78,28,23
olora,0,CLOSED,136,59.55882352941177,60.049019607843135,128,55,50,78,28,23
olora,0,OPEN,64,7.8125,18.28432494792789,0,0,0,0,0,0
olora,0,CHEST,91,40.65934065934066,47.073906485671195,58,14,23,35,7,16
olora,0,HEAD,50,54.0,55.634188034188035,31,14,11,20,6,3
olora,0,ABD,59,37.28813559322034,38.49878934624697,39,27,16,23,15,4
olora,1,all,200,46.0,50.074793507146445,128,55,51,77,26,22
olora,1,CLOSED,136,62.5,62.990196078431374,128,55,51,77,26,22
olora,1,OPEN,64,10.9375,22.629563043165984,0,0,0,0,0,0
olora,1,CHEST,91,43.956043956043956,51.54277095453566,58,14,23,35,6,15
olora,1,HEAD,50,54.0,55.634188034188035,31,14,11,20,6,3
olora,1,ABD,59,42.3728813559322,43.09927360774818,39,27,17,22,14,4
olora,2,all,200,46.0,49.90456899481667,128,55,55,73,24,24
olora,2,CLOSED,136,62.5,62.990196078431374,128,55,55,73,24,24
olora,2,OPEN,64,10.9375,22.097611442135435,0,0,0,0,0,0
olora,2,CHEST,91,41.75824175824176,48.78399127267905,58,14,24,34,6,16
olora,2,HEAD,50,58.0,59.97426900584795,31,14,12,19,5,3
olora,2,ABD,59,42.3728813559322,43.09927360774818,39,27,19,20,13,5
olora,3,all,200,45.0,48.8378745437569,128,55,51,77,27,23
olora,3,CLOSED,136,61.029411764705884,61.51960784313725,128,55,51,77,27,23
olora,3,OPEN,64,10.9375,21.889191282573634,0,0,0,0,0,0
olora,3,CHEST,91,41.75824175824176,48.55575796752267,58,14,24,34,6,16
olora,3,HEAD,50,54.0,56.122875816993464,31,14,10,21,7,3
olora,3,ABD,59,42.3728813559322,43.09927360774818,39,27,17,22,14,4
olora,4,all,200,45.0,48.9786396609926,128,55,55,73,25,25
olora,4,CLOSED,136,61.029411764705884,61.51960784313725,128,55,55,73,25,25
olora,4,OPEN,64,10.9375,22.329082273935214,0,0,0,0,0,0
olora,4,CHEST,91,41.75824175824176,49.13364162232941,58,14,25,33,6,17
olora,4,HEAD,50,54.0,55.634188034188035,31,14,11,20,6,3
olora,4,ABD,59,42.3728813559322,43.09927360774818,39,27,19,20,13,5
olora,5,all,200,45.5,49.293345543345545,128,55,59,69,23,27
olora,5,CLOSED,136,61.029411764705884,61.51960784313725,128,55,59,69,23,27
olora,5,OPEN,64,12.5,23.312538156288156,0,0,0,0,0,0
olora,5,CHEST,91,39.56043956043956,46.52859960552268,58,14,27,31,6,19
olora,5,HEAD,50,58.0,59.634188034188035,31,14,12,19,5,3
olora,5,ABD,59,44.067796610169495,44.794188861985475,39,27,20,19,12,5
olora,6,all,200,45.0,48.67985347985348,128,55,55,73,25,25
olora,6,CLOSED,136,61.029411764705884,61.51960784313725,128,55,55,73,25,25
olora,6,OPEN,64,10.9375,21.39537545787546,0,0,0,0,0,0
olora,6,CHEST,91,41.75824175824176,48.616511693434774,58,14,25,33,6,17
olora,6,HEAD,50,56.0,57.66593406593407,31,14,12,19,5,3
olora,6,ABD,59,40.67796610169491,41.16222760290557,39,27,18,21,14,5
olora,7,all,200,46.5,50.17985347985348,128,55,50,78,27,22
olora,7,CLOSED,136,61.76470588235294,62.254901960784316,128,55,50,78,27,22
olora,7,OPEN,64,14.0625,24.52037545787546,0,0,0,0,0,0
olora,7,CHEST,91,45.05494505494506,51.913214990138066,58,14,24,34,6,16
olora,7,HEAD,50,54.0,55.66593406593407,31,14,11,20,6,3
olora,7,ABD,59,42.3728813559322,42.857142857142854,39,27,15,24,15,3
olora,8,all,200,42.0,45.044444444444444,128,55,85,43,11,41
olora,8,CLOSED,136,58.088235294117645,58.57843137254902,128,55,85,43,11,41
olora,8,OPEN,64,7.8125,16.28472222222222,0,0,0,0,0,0
olora,8,CHEST,91,38.46153846153846,43.2967032967033,58,14,34,24,3,23
olora,8,HEAD,50,44.0,47.37777777777778,31,14,24,7,1,11
olora,8,ABD,59,45.76271186440678,45.76271186440678,39,27,27,12,7,7
olora,9,all,200,46.0,50.67924297924298,128,55,59,69,22,26
olora,9,CLOSED,136,60.294117647058826,60.78431372549019,128,55,59,69,22,26
olora,9,OPEN,64,15.625,29.205967643467645,0,0,0,0,0,0
olora,9,CHEST,91,46.15384615384615,53.37841645533953,58,14,29,29,4,19
olora,9,HEAD,50,50.0,55.56825396825397,31,14,12,19,5,3
olora,9,ABD,59,42.3728813559322,42.3728813559322,39,27,18,21,13,4
sapt_lora,0,all,200,43.0,46.68431731667026,128,55,50,78,28,23
sapt_lora,0,CLOSED,136,59.55882352941177,60.049019607843135,128,55,50,78,28,23
sapt_lora,0,OPEN,64,7.8125,18.28432494792789,0,0,0,0,0,0
sapt_lora,0,CHEST,91,40.65934065934066,47.073906485671195,58,14,23,35,7,16
sapt_lora,0,HEAD,50,54.0,55.634188034188035,31,14,11,20,6,3
sapt_lora,0,ABD,59,37.28813559322034,38.49878934624697,39,27,16,23,15,4
sapt_lora,1,all,200,44.5,48.41570259805554,128,55,53,75,26,24
sapt_lora,1,CLOSED,136,61.029411764705884,61.51960784313725,128,55,53,75,26,24
sapt_lora,1,OPEN,64,9.375,20.569903952256894,0,0,0,0,0,0
sapt_lora,1,CHEST,91,41.75824175824176,48.99531840708311,58,14,24,34,6,16
sapt_lora,1,HEAD,50,54.0,55.634188034188035,31,14,11,20,6,3
sapt_lora,1,ABD,59,40.67796610169491,41.404358353510894,39,27,18,21,14,5
sapt_lora,2,all,200,44.0,47.91570259805554,128,55,54,74,26,25
sapt_lora,2,CLOSED,136,60.294117647058826,60.78431372549019,128,55,54,74,26,25
sapt_lora,2,OPEN,64,9.375,20.569903952256894,0,0,0,0,0,0
sapt_lora,2,CHEST,91,40.65934065934066,47.896417308182016,58,14,25,33,6,17
sapt_lora,2,HEAD,50,54.0,55.634188034188035,31,14,11,20,6,3
sapt_lora,2,ABD,59,40.67796610169491,41.404358353510894,39,27,18,21,14,5
sapt_lora,3,all,200,45.0,48.91570259805554,128,55,50,78,27,22
sapt_lora,3,CLOSED,136,61.76470588235294,62.254901960784316,128,55,50,78,27,22
sapt_lora,3,OPEN,64,9.375,20.569903952256894,0,0,0,0,0,0
sapt_lora,3,CHEST,91,42.857142857142854,50.09421950598421,58,14,23,35,6,15
sapt_lora,3,HEAD,50,54.0,55.634188034188035,31,14,11,20,6,3
sapt_lora,3,ABD,59,40.67796610169491,41.404358353510894,39,27,16,23,15,4
sapt_lora,4,all,200,45.0,48.91570259805554,128,55,52,76,26,23
sapt_lora,4,CLOSED,136,61.76470588235294,62.254901960784316,128,55,52,76,26,23
sapt_lora,4,OPEN,64,9.375,20.569903952256894,0,0,0,0,0,0
sapt_lora,4,CHEST,91,42.857142857142854,50.09421950598421,58,14,23,35,6,15
sapt_lora,4,HEAD,50,54.0,55.634188034188035,31,14,11,20,6,3
sapt_lora,4,ABD,59,40.67796610169491,41.404358353510894,39,27,18,21,14,5
sapt_lora,5,all,200,44.5,48.41570259805554,128,55,53,75,26,24
sapt_lora,5,CLOSED,136,61.029411764705884,61.51960784313725,128,55,53,75,26,24
sapt_lora,5,OPEN,64,9.375,20.569903952256894,0,0,0,0,0,0
sapt_lora,5,CHEST,91,41.75824175824176,48.99531840708311,58,14,24,34,6,16
sapt_lora,5,HEAD,50,54.0,55.634188034188035,31,14,11,20,6,3
sapt_lora,5,ABD,59,40.67796610169491,41.404358353510894,39,27,18,21,14,5
sapt_lora,6,all,200,45.0,48.91570259805554,128,55,54,74,25,24
sapt_lora,6,CLOSED,136,61.76470588235294,62.254901960784316,128,55,54,74,25,24
sapt_lora,6,OPEN,64,9.375,20.569903952256894,0,0,0,0,0,0
sapt_lora,6,CHEST,91,41.75824175824176,48.99531840708311,58,14,24,34,6,16
sapt_lora,6,HEAD,50,54.0,55.634188034188035,31,14,11,20,6,3
sapt_lora,6,ABD,59,42.3728813559322,43.09927360774818,39,27,19,20,13,5
sapt_lora,7,all,200,44.5,48.41570259805554,128,55,53,75,26,24
sapt_lora,7,CLOSED,136,61.029411764705884,61.51960784313725,128,55,53,75,26,24
sapt_lora,7,OPEN,64,9.375,20.569903952256894,0,0,0,0,0,0
sapt_lora,7,CHEST,91,41.75824175824176,48.99531840708311,58,14,24,34,6,16
sapt_lora,7,HEAD,50,54.0,55.634188034188035,31,14,11,20,6,3
sapt_lora,7,ABD,59,40.67796610169491,41.404358353510894,39,27,18,21,14,5
sapt_lora,8,all,200,45.0,48.91570259805554,128,55,53,75,26,24
sapt_lora,8,CLOSED,136,61.029411764705884,61.51960784313725,128,55,53,75,26,24
sapt_lora,8,OPEN,64,10.9375,22.132403952256894,0,0,0,0,0,0
sapt_lora,8,CHEST,91,41.75824175824176,48.99531840708311,58,14,24,34,6,16
sapt_lora,8,HEAD,50,56.0,57.634188034188035,31,14,11,20,6,3
sapt_lora,8,ABD,59,40.67796610169491,41.404358353510894,39,27,18,21,14,5
sapt_lora,9,all,200,45.5,49.41570259805554,128,55,54,74,25,24
sapt_lora,9,CLOSED,136,61.76470588235294,62.254901960784316,128,55,54,74,25,24
sapt_lora,9,OPEN,64,10.9375,22.132403952256894,0,0,0,0,0,0
sapt_lora,9,CHEST,91,41.75824175824176,48.99531840708311,58,14,24,34,6,16
sapt_lora,9,HEAD,50,56.0,57.634188034188035,31,14,11,20,6,3
sapt_lora,9,ABD,59,42.3728813559322,43.09927360774818,39,27,19,20,13,5
