stage,task,mode,n,teacher_forced_CE
6,medical_mts_dialog_note,learned_routing,16,2.094610922038555
6,medical_mts_dialog_note,oracle_current_task_adapter,16,1.95809905230999
7,medical_mts_dialog_note,learned_routing,16,2.0947283431887627
7,medical_mts_dialog_note,oracle_current_task_adapter,16,1.95809905230999
7,medical_iu_xray_impression,learned_routing,16,2.8555203303694725
7,medical_iu_xray_impression,oracle_current_task_adapter,16,2.1117632165551186
9,medical_mts_dialog_note,learned_routing,16,2.0943315625190735
9,medical_mts_dialog_note,oracle_current_task_adapter,16,1.95809905230999
9,medical_iu_xray_impression,learned_routing,16,2.8551596105098724
9,medical_iu_xray_impression,oracle_current_task_adapter,16,2.1117632165551186
9,medical_vqa_rad,learned_routing,16,1.1071022357791662
9,medical_vqa_rad,oracle_current_task_adapter,16,2.1428063926286995
