stage,task,split,n,current_adapter_weight,task_adapter_weight,top_adapter,entropy_mean,adapter_1,adapter_2,adapter_3,adapter_4,adapter_5,adapter_6,adapter_7,adapter_8,adapter_9
1,task1290_xsum_summarization,test,200,1.0,1.0,1,-0.0,1.0,,,,,,,,
1,task002_quoref_answer_generation,test,200,1.0,,1,-0.0,1.0,,,,,,,,
1,task1510_evalution_relation_extraction,test,200,1.0,,1,-0.0,1.0,,,,,,,,
1,task1729_personachat_generate_next,test,200,1.0,,1,-0.0,1.0,,,,,,,,
1,task748_glucose_reverse_cause_event_detection,test,200,1.0,,1,-0.0,1.0,,,,,,,,
1,medical_mts_dialog_note,train,1000,1.0,,1,-0.0,1.0,,,,,,,,
1,medical_mts_dialog_note,test,200,1.0,,1,-0.0,1.0,,,,,,,,
1,medical_iu_xray_impression,train,1000,1.0,,1,-0.0,1.0,,,,,,,,
1,medical_iu_xray_impression,test,200,1.0,,1,-0.0,1.0,,,,,,,,
1,natural_vqav2,test,200,1.0,,1,-0.0,1.0,,,,,,,,
1,medical_vqa_rad,train,1000,1.0,,1,-0.0,1.0,,,,,,,,
1,medical_vqa_rad,test,200,1.0,,1,-0.0,1.0,,,,,,,,
2,task1290_xsum_summarization,test,200,0.00022130718571133912,0.999778687953949,1,0.002083683619275689,0.999778687953949,0.00022130718571133912,,,,,,,
2,task002_quoref_answer_generation,test,200,0.0002230241516372189,0.0002230241516372189,1,0.002098146127536893,0.9997768998146057,0.0002230241516372189,,,,,,,
2,task1510_evalution_relation_extraction,test,200,0.00024370364553760737,,1,0.0022711611818522215,0.9997562170028687,0.00024370364553760737,,,,,,,
2,task1729_personachat_generate_next,test,200,0.0002286607923451811,,1,0.002145468257367611,0.9997713565826416,0.0002286607923451811,,,,,,,
2,task748_glucose_reverse_cause_event_detection,test,200,0.0002209940430475399,,1,0.0020811164285987616,0.9997790455818176,0.0002209940430475399,,,,,,,
2,medical_mts_dialog_note,train,1000,0.00023362197680398822,,1,0.002186942147091031,0.9997663497924805,0.00023362197680398822,,,,,,,
2,medical_mts_dialog_note,test,200,0.00023353331198450178,,1,0.002186222467571497,0.99976646900177,0.00023353331198450178,,,,,,,
2,medical_iu_xray_impression,train,1000,0.00023108680034056306,,1,0.0021657561883330345,0.9997689127922058,0.00023108680034056306,,,,,,,
2,medical_iu_xray_impression,test,200,0.0002309229166712612,,1,0.002164375502616167,0.9997691512107849,0.0002309229166712612,,,,,,,
2,natural_vqav2,test,200,0.0009717545472085476,,1,0.007709773723036051,0.9990282654762268,0.0009717545472085476,,,,,,,
2,medical_vqa_rad,train,1000,0.0010004639625549316,,1,0.007902503944933414,0.9989995956420898,0.0010004639625549316,,,,,,,
2,medical_vqa_rad,test,200,0.0009994356660172343,,1,0.007896732538938522,0.9990005493164062,0.0009994356660172343,,,,,,,
3,task1290_xsum_summarization,test,200,0.03740043565630913,0.9620072841644287,1,0.164296954870224,0.9620072841644287,0.000592262193094939,0.03740043565630913,,,,,,
3,task002_quoref_answer_generation,test,200,0.0340937115252018,0.0005716615705750883,1,0.15330222249031067,0.9653346538543701,0.0005716615705750883,0.0340937115252018,,,,,,
3,task1510_evalution_relation_extraction,test,200,0.31576016545295715,0.31576016545295715,1,0.6355440020561218,0.6824637055397034,0.0017761614872142673,0.31576016545295715,,,,,,
3,task1729_personachat_generate_next,test,200,0.04306821525096893,,1,0.18292860686779022,0.9562506079673767,0.0006812147330492735,0.04306821525096893,,,,,,
3,task748_glucose_reverse_cause_event_detection,test,200,0.04474520683288574,,1,0.18817678093910217,0.9545865058898926,0.0006681800587102771,0.04474520683288574,,,,,,
3,medical_mts_dialog_note,train,1000,0.047812916338443756,,1,0.19754524528980255,0.9514411687850952,0.0007459467742592096,0.047812916338443756,,,,,,
3,medical_mts_dialog_note,test,200,0.047900643199682236,,1,0.19783933460712433,0.9513561725616455,0.000743195996619761,0.047900643199682236,,,,,,
3,medical_iu_xray_impression,train,1000,0.05149166285991669,,1,0.20851139724254608,0.9477622509002686,0.0007460491615347564,0.05149166285991669,,,,,,
3,medical_iu_xray_impression,test,200,0.05165054276585579,,1,0.20895437896251678,0.9476025104522705,0.0007468747207894921,0.05165054276585579,,,,,,
3,natural_vqav2,test,200,0.10270238667726517,,1,0.3410770893096924,0.8957228064537048,0.001574761583469808,0.10270238667726517,,,,,,
3,medical_vqa_rad,train,1000,0.11385156214237213,,1,0.3641042709350586,0.8846619725227356,0.0014864645199850202,0.11385156214237213,,,,,,
3,medical_vqa_rad,test,200,0.11635745316743851,,1,0.3691560626029968,0.8821578025817871,0.001484727836214006,0.11635745316743851,,,,,,
4,task1290_xsum_summarization,test,200,0.00012988383241463453,0.9985089898109436,1,0.012100189924240112,0.9985089898109436,0.00016839145973790437,0.0011927211889997125,0.00012988383241463453,,,,,
4,task002_quoref_answer_generation,test,200,0.00011640616867225617,0.0001482406514696777,1,0.009754879400134087,0.9988444447517395,0.0001482406514696777,0.0008908899035304785,0.00011640616867225617,,,,,
4,task1510_evalution_relation_extraction,test,200,0.0010607329895719886,0.31819602847099304,1,0.6423841714859009,0.6791359782218933,0.0016072372673079371,0.31819602847099304,0.0010607329895719886,,,,,
4,task1729_personachat_generate_next,test,200,0.00016540533397346735,0.00016540533397346735,1,0.016866721212863922,0.9978086352348328,0.0002330842544324696,0.0017929086461663246,0.00016540533397346735,,,,,
4,task748_glucose_reverse_cause_event_detection,test,200,0.00017381459474563599,,1,0.019015857949852943,0.997475802898407,0.0002415637281956151,0.002108828630298376,0.00017381459474563599,,,,,
4,medical_mts_dialog_note,train,1000,0.00019767451158259064,,1,0.020021233707666397,0.9973016977310181,0.00024976118584163487,0.0022509016562253237,0.00019767451158259064,,,,,
4,medical_mts_dialog_note,test,200,0.000196097360458225,,1,0.019954107701778412,0.9973138570785522,0.0002470204490236938,0.002243028488010168,0.000196097360458225,,,,,
4,medical_iu_xray_impression,train,1000,0.00020945580035913736,,1,0.02147819660604,0.9970806837081909,0.00026126272859983146,0.002448516432195902,0.00020945580035913736,,,,,
4,medical_iu_xray_impression,test,200,0.0002089112822432071,,1,0.021479882299900055,0.9970798492431641,0.00026065102429129183,0.00245074974372983,0.0002089112822432071,,,,,
4,natural_vqav2,test,200,0.0005842565442435443,,1,0.06707769632339478,0.9887216091156006,0.0010750377550721169,0.00961908046156168,0.0005842565442435443,,,,,
4,medical_vqa_rad,train,1000,0.0006133509450592101,,1,0.0655212253332138,0.9889695644378662,0.0008892043842934072,0.009527909569442272,0.0006133509450592101,,,,,
4,medical_vqa_rad,test,200,0.0005931222112849355,,1,0.06553614884614944,0.9889196753501892,0.0008573842933401465,0.009629753418266773,0.0005931222112849355,,,,,
5,task1290_xsum_summarization,test,200,4.648040339816362e-05,0.9989256262779236,1,0.009216570295393467,0.9989256262779236,0.00014284874487202615,0.0008237414294853806,6.126763037173077e-05,4.648040339816362e-05,,,,
5,task002_quoref_answer_generation,test,200,4.108667781110853e-05,0.0001273784291697666,1,0.007486006245017052,0.9991594552993774,0.0001273784291697666,0.0006166872917674482,5.553075607167557e-05,4.108667781110853e-05,,,,
5,task1510_evalution_relation_extraction,test,200,0.000546800612937659,0.30311882495880127,1,0.6310381889343262,0.6942422986030579,0.0015412522479891777,0.30311882495880127,0.0005507729365490377,0.000546800612937659,,,,
5,task1729_personachat_generate_next,test,200,6.097949153627269e-05,7.609982276335359e-05,1,0.012357206083834171,0.99849534034729,0.0001906133838929236,0.0011769440025091171,7.609982276335359e-05,6.097949153627269e-05,,,,
5,task748_glucose_reverse_cause_event_detection,test,200,6.85751365381293e-05,6.85751365381293e-05,1,0.014763275161385536,0.9981417059898376,0.0001983617985388264,0.0015116551658138633,7.97106622485444e-05,6.85751365381293e-05,,,,
5,medical_mts_dialog_note,train,1000,7.286211621249095e-05,,1,0.015192683786153793,0.9980713129043579,0.0002081595448544249,0.0015555365243926644,9.217877232003957e-05,7.286211621249095e-05,,,,
5,medical_mts_dialog_note,test,200,7.207933958852664e-05,,1,0.01513779629021883,0.9980800151824951,0.00020584459707606584,0.0015507915522903204,9.136622975347564e-05,7.207933958852664e-05,,,,
5,medical_iu_xray_impression,train,1000,6.859469431219622e-05,,1,0.016434598714113235,0.9978897571563721,0.00022268992324825376,0.0017198988934978843,9.900044096866623e-05,6.859469431219622e-05,,,,
5,medical_iu_xray_impression,test,200,6.824675801908597e-05,,1,0.0164447333663702,0.997887134552002,0.00022240899852477014,0.0017234599217772484,9.875278919935226e-05,6.824675801908597e-05,,,,
5,natural_vqav2,test,200,0.00023387886176351458,,1,0.05151049792766571,0.9918779730796814,0.0007673347136005759,0.006867808755487204,0.0002531091740820557,0.00023387886176351458,,,,
5,medical_vqa_rad,train,1000,0.0002169859071727842,,1,0.046025387942790985,0.9928863644599915,0.0006312498589977622,0.005999905988574028,0.0002654777199495584,0.0002169859071727842,,,,
5,medical_vqa_rad,test,200,0.00020840759680140764,,1,0.046312905848026276,0.9928038716316223,0.0006237254710868001,0.0061002466827631,0.00026380299823358655,0.00020840759680140764,,,,
6,task1290_xsum_summarization,test,200,3.428912168601528e-05,0.9987964034080505,1,0.010152429342269897,0.9987964034080505,0.00012696848716586828,0.0009643389494158328,4.12006993428804e-05,3.680908048409037e-05,3.428912168601528e-05,,,
6,task002_quoref_answer_generation,test,200,2.9865774195059203e-05,0.00011328749678796157,1,0.008233687840402126,0.9990599751472473,0.00011328749678796157,0.0007269841153174639,3.7308524042600766e-05,3.253146860515699e-05,2.9865774195059203e-05,,,
6,task1510_evalution_relation_extraction,test,200,0.0004228958860039711,0.32376885414123535,1,0.6479946970939636,0.673586905002594,0.0013949478743597865,0.32376885414123535,0.0003764724242500961,0.00045000817044638097,0.0004228958860039711,,,
6,task1729_personachat_generate_next,test,200,4.368821100797504e-05,4.9565165681997314e-05,1,0.013134653680026531,0.998380720615387,0.00016331944789271802,0.0013161830138415098,4.9565165681997314e-05,4.656932287616655e-05,4.368821100797504e-05,,,
6,task748_glucose_reverse_cause_event_detection,test,200,4.779337905347347e-05,5.042753036832437e-05,1,0.015228590928018093,0.9980680346488953,0.00016514366143383086,0.0016182864783331752,5.032226908951998e-05,5.042753036832437e-05,4.779337905347347e-05,,,
6,medical_mts_dialog_note,train,1000,4.979679943062365e-05,4.979679943062365e-05,1,0.015766818076372147,0.9979798197746277,0.00017334533913526684,0.001685975817963481,5.7692392147146165e-05,5.341908035916276e-05,4.979679943062365e-05,,,
6,medical_mts_dialog_note,test,200,4.958384306519292e-05,4.958384306519292e-05,1,0.015739988535642624,0.9979841709136963,0.00017184167518280447,0.0016841317992657423,5.7291403209092095e-05,5.299857730278745e-05,4.958384306519292e-05,,,
6,medical_iu_xray_impression,train,1000,5.2260395023040473e-05,,1,0.01813534088432789,0.9976252317428589,0.00019994484318885952,0.002000192180275917,6.687001587124541e-05,5.545027306652628e-05,5.2260395023040473e-05,,,
6,medical_iu_xray_impression,test,200,5.208283619140275e-05,,1,0.018162913620471954,0.9976194500923157,0.00019991013687103987,0.0020064611453562975,6.678057252429426e-05,5.5231106671271846e-05,5.208283619140275e-05,,,
6,natural_vqav2,test,200,0.00029205839382484555,,1,0.06304387003183365,0.9896714687347412,0.000707299099303782,0.008889256976544857,0.00020692158432211727,0.00023296124709304422,0.00029205839382484555,,,
6,medical_vqa_rad,train,1000,0.00025626886053942144,,1,0.05625517666339874,0.9909774661064148,0.000581564789172262,0.007739447057247162,0.000214313535252586,0.00023093458730727434,0.00025626886053942144,,,
6,medical_vqa_rad,test,200,0.00025396313867531717,,1,0.05710865557193756,0.9907774925231934,0.0005856615025550127,0.007941220887005329,0.00021542367176152766,0.0002262557827634737,0.00025396313867531717,,,
7,task1290_xsum_summarization,test,200,3.054482294828631e-05,0.998958945274353,1,0.008997596800327301,0.998958945274353,0.000117919706099201,0.0008193032699637115,2.7442167265689932e-05,2.121681609423831e-05,2.4545042833779007e-05,3.054482294828631e-05,,
7,task002_quoref_answer_generation,test,200,2.6939884264720604e-05,0.00010575621126918122,1,0.007312525529414415,0.9991849660873413,0.00010575621126918122,0.0006170191336423159,2.500402115401812e-05,1.8831153283827007e-05,2.1479308998095803e-05,2.6939884264720604e-05,,
7,task1510_evalution_relation_extraction,test,200,0.0005158228450454772,0.3144349753856659,1,0.641960084438324,0.6828500628471375,0.0013483718503266573,0.3144349753856659,0.0002560510183684528,0.0002737525792326778,0.0003210110298823565,0.0005158228450454772,,
7,task1729_personachat_generate_next,test,200,3.857015326502733e-05,3.330064646434039e-05,1,0.011681370437145233,0.9985955953598022,0.00015256753249559551,0.0011213907273486257,3.330064646434039e-05,2.7112784664495848e-05,3.153723810100928e-05,3.857015326502733e-05,,
7,task748_glucose_reverse_cause_event_detection,test,200,3.864315294777043e-05,2.944298103102483e-05,1,0.013408391736447811,0.9983439445495605,0.0001548131403978914,0.0013648350723087788,3.383955481695011e-05,2.944298103102483e-05,3.4463828342268243e-05,3.864315294777043e-05,,
7,medical_mts_dialog_note,train,1000,4.58943031844683e-05,3.558702519512735e-05,1,0.01380196399986744,0.9982829689979553,0.00016040111950132996,0.001405984628945589,3.835632014670409e-05,3.083692354266532e-05,3.558702519512735e-05,4.58943031844683e-05,,
7,medical_mts_dialog_note,test,200,4.5559016143670306e-05,3.542019476299174e-05,1,0.01377917267382145,0.9982863664627075,0.0001589936000527814,0.0014051026664674282,3.807029133895412e-05,3.057223148061894e-05,3.542019476299174e-05,4.5559016143670306e-05,,
7,medical_iu_xray_impression,train,1000,5.116762258694507e-05,5.116762258694507e-05,1,0.015449274331331253,0.9980444312095642,0.00017886485147755593,0.0016159223159775138,4.2664632928790525e-05,3.084288982790895e-05,3.603600634960458e-05,5.116762258694507e-05,,
7,medical_iu_xray_impression,test,200,5.0729304348351434e-05,5.0729304348351434e-05,1,0.01548920851200819,0.9980371594429016,0.00017914101772475988,0.001623473479412496,4.268116390448995e-05,3.077628934988752e-05,3.597668546717614e-05,5.0729304348351434e-05,,
7,natural_vqav2,test,200,0.00017195030522998422,,1,0.05568739026784897,0.9912617206573486,0.0007790133240632713,0.0072747874073684216,0.00015241779328789562,0.00014006150013301522,0.000219927285797894,0.00017195030522998422,,
7,medical_vqa_rad,train,1000,0.00016427531954832375,,1,0.04739167541265488,0.9927799105644226,0.0006279321969486773,0.0059624421410262585,0.00015177032037172467,0.00013334082905203104,0.00018030958017334342,0.00016427531954832375,,
7,medical_vqa_rad,test,200,0.00016710216004867107,,1,0.048398569226264954,0.9925644397735596,0.0006362639251165092,0.006168737541884184,0.00015296964556910098,0.0001310876978095621,0.00017938438395503908,0.00016710216004867107,,
8,task1290_xsum_summarization,test,200,4.5706561650149524e-05,0.9990686774253845,1,0.008256866596639156,0.9990686774253845,9.94832516880706e-05,0.0007091430015861988,2.2449621610576287e-05,1.3516980288841296e-05,1.972954487428069e-05,2.1351273971959017e-05,4.5706561650149524e-05,
8,task002_quoref_answer_generation,test,200,4.0967734094010666e-05,8.806327969068661e-05,1,0.006661395542323589,0.9992770552635193,8.806327969068661e-05,0.0005264375358819962,2.018025770667009e-05,1.1812056982307695e-05,1.7025784472934902e-05,1.8548638763604686e-05,4.0967734094010666e-05,
8,task1510_evalution_relation_extraction,test,200,0.0006991118425503373,0.31082844734191895,1,0.6412415504455566,0.6862382292747498,0.0011923096608370543,0.31082844734191895,0.00021170650143176317,0.00018295578774996102,0.0002684580977074802,0.0003787886234931648,0.0006991118425503373,
8,task1729_personachat_generate_next,test,200,5.591998706222512e-05,2.716111885092687e-05,1,0.010618272237479687,0.9987577199935913,0.0001280192082049325,0.0009618556359782815,2.716111885092687e-05,1.7215823390870355e-05,2.5199735318892635e-05,2.689895154617261e-05,5.591998706222512e-05,
8,task748_glucose_reverse_cause_event_detection,test,200,6.133579881861806e-05,1.8446375179337338e-05,1,0.012082969769835472,0.9985501170158386,0.00012849349877797067,0.0011607521446421742,2.7164625862496905e-05,1.8446375179337338e-05,2.7071311706095003e-05,2.6638354029273614e-05,6.133579881861806e-05,
8,medical_mts_dialog_note,train,1000,6.398702680598944e-05,2.7277272238279693e-05,1,0.012119936756789684,0.9985417723655701,0.00012987286027055234,0.0011576930992305279,2.9948152587166987e-05,1.8787883163895458e-05,2.7277272238279693e-05,3.064147676923312e-05,6.398702680598944e-05,
8,medical_mts_dialog_note,test,200,6.38099227217026e-05,2.7128176952828653e-05,1,0.012099899351596832,0.998544454574585,0.00012866414908785373,0.0011572594521567225,2.9698787329834886e-05,1.8610106053529307e-05,2.7128176952828653e-05,3.0390952815650962e-05,6.38099227217026e-05,
8,medical_iu_xray_impression,train,1000,6.640921492362395e-05,3.2887528504943475e-05,1,0.013242492452263832,0.9983830451965332,0.0001399853063048795,0.0013009054819121957,3.2010295399231836e-05,1.811201946111396e-05,2.667347689566668e-05,3.2887528504943475e-05,6.640921492362395e-05,
8,medical_iu_xray_impression,test,200,6.664094689767808e-05,3.256812124163844e-05,1,0.013271541334688663,0.9983776807785034,0.00014000835653860122,0.001306453486904502,3.19723658321891e-05,1.8044722310150973e-05,2.659184428921435e-05,3.256812124163844e-05,6.664094689767808e-05,
8,natural_vqav2,test,200,0.0003829577472060919,0.0003829577472060919,1,0.05512196198105812,0.9915866851806641,0.0006770502659492195,0.006730969995260239,0.00015021352737676352,0.00011604542669374496,0.00022590518346987665,0.00013010991096962243,0.0003829577472060919,
8,medical_vqa_rad,train,1000,0.0003573541762307286,,1,0.048395030200481415,0.9927944540977478,0.0005649005179293454,0.005696557927876711,0.0001418227911926806,0.00011507028830237687,0.0001992930774576962,0.0001305874902755022,0.0003573541762307286,
8,medical_vqa_rad,test,200,0.0003431208897382021,,1,0.050050295889377594,0.9924609661102295,0.0005892100743949413,0.0060033295303583145,0.0001473104493925348,0.00011594357783906162,0.00020455628691706806,0.00013559841318055987,0.0003431208897382021,
9,task1290_xsum_summarization,test,200,2.054215110547375e-05,0.998949408531189,1,0.009121377021074295,0.998949408531189,0.0001176600344479084,0.0008239534217864275,1.6439742466900498e-05,9.289151421398856e-06,1.545692612126004e-05,1.5341465768869966e-05,3.190325151081197e-05,2.054215110547375e-05
9,task002_quoref_answer_generation,test,200,1.7614100215723738e-05,0.00010481336357770488,1,0.0073846327140927315,0.9991811513900757,0.00010481336357770488,0.0006178189651109278,1.485269058321137e-05,8.151938345690724e-06,1.3418388334685005e-05,1.33849898702465e-05,2.876942016882822e-05,1.7614100215723738e-05
9,task1510_evalution_relation_extraction,test,200,0.0003356316592544317,0.30521222949028015,1,0.6358842849731445,0.6920218467712402,0.001293347799219191,0.30521222949028015,0.0001409665128448978,0.00011716151493601501,0.00019517526379786432,0.0002520583220757544,0.0004315268888603896,0.0003356316592544317
9,task1729_personachat_generate_next,test,200,2.4896133254515007e-05,2.00149770535063e-05,1,0.011709204874932766,0.9986007213592529,0.00015143070777412504,0.001112695666961372,2.00149770535063e-05,1.1900723620783538e-05,1.979759690584615e-05,1.945469921338372e-05,3.91102148569189e-05,2.4896133254515007e-05
9,task748_glucose_reverse_cause_event_detection,test,200,2.7827600206364878e-05,1.2280782357265707e-05,1,0.012957381084561348,0.9984186291694641,0.00014751429262105376,0.0012940892484039068,1.9292428987682797e-05,1.2280782357265707e-05,2.045875407929998e-05,1.863661418610718e-05,4.1200677515007555e-05,2.7827600206364878e-05
9,medical_mts_dialog_note,train,1000,2.834700353560038e-05,2.023404522333294e-05,1,0.012727446854114532,0.9984477758407593,0.00014623375318478793,0.0012614334700629115,2.0777124518644996e-05,1.223577964992728e-05,2.023404522333294e-05,2.0831386791542172e-05,4.2163308535236865e-05,2.834700353560038e-05
9,medical_mts_dialog_note,test,200,2.8249847673578188e-05,2.017804581555538e-05,1,0.012737196870148182,0.9984462261199951,0.00014527626626659185,0.001264394843019545,2.0657647837651893e-05,1.2157331184425857e-05,2.017804581555538e-05,2.072256938845385e-05,4.215152148390189e-05,2.8249847673578188e-05
9,medical_iu_xray_impression,train,1000,2.9854772947146557e-05,2.2717878891853616e-05,1,0.014074090868234634,0.9982547163963318,0.00015995070862118155,0.001433775294572115,2.246992698928807e-05,1.2031210644636303e-05,2.018888517341111e-05,2.2717878891853616e-05,4.4332231482258067e-05,2.9854772947146557e-05
9,medical_iu_xray_impression,test,200,2.961547397717368e-05,2.253113234473858e-05,1,0.014116048812866211,0.9982473254203796,0.0001601432595634833,0.0014412731397897005,2.2467560484074056e-05,1.2001098184555303e-05,2.01517395908013e-05,2.253113234473858e-05,4.4524509576149285e-05,2.961547397717368e-05
9,natural_vqav2,test,200,0.00013511753058992326,0.0004003036883659661,1,0.05968558415770531,0.9908527135848999,0.0008527073077857494,0.007189822383224964,0.00014263087359722704,9.679931099526584e-05,0.0002214705164078623,0.000108408770756796,0.0004003036883659661,0.00013511753058992326
9,medical_vqa_rad,train,1000,0.0001099922155844979,0.0001099922155844979,1,0.058417387306690216,0.991074800491333,0.0008076115627773106,0.006962812040001154,0.00015292367606889457,0.00010918774933088571,0.00022150007134769112,0.00012388920004013926,0.00043730955803766847,0.0001099922155844979
9,medical_vqa_rad,test,200,0.00011144432937726378,0.00011144432937726378,1,0.05989488214254379,0.9907730221748352,0.0008353748708032072,0.007241754326969385,0.00015737061039544642,0.0001096689302357845,0.000225661278818734,0.00012773419439326972,0.00041798167512752116,0.00011144432937726378
