method,stage,task,group,n,original_EM,explicit_alias_EM,consensus_diagnostic
seq_lora,0,medical_vqa_rad,all,200,43.0,43.5,
seq_lora,0,medical_vqa_rad,OPEN,64,7.8125,9.375,
seq_lora,0,medical_vqa_rad,CLOSED,136,59.55882352941177,59.55882352941177,
seq_lora,0,natural_vqav2,all,200,84.0,,78.20000000000002
seq_lora,9,medical_vqa_rad,all,200,49.5,51.0,
seq_lora,9,medical_vqa_rad,OPEN,64,18.75,23.4375,
seq_lora,9,medical_vqa_rad,CLOSED,136,63.970588235294116,63.970588235294116,
seq_lora,9,natural_vqav2,all,200,84.5,,78.15
migu_lora,0,medical_vqa_rad,all,200,43.0,43.5,
migu_lora,0,medical_vqa_rad,OPEN,64,7.8125,9.375,
migu_lora,0,medical_vqa_rad,CLOSED,136,59.55882352941177,59.55882352941177,
migu_lora,0,natural_vqav2,all,200,84.0,,78.20000000000002
migu_lora,9,medical_vqa_rad,all,200,48.0,49.5,
migu_lora,9,medical_vqa_rad,OPEN,64,15.625,20.3125,
migu_lora,9,medical_vqa_rad,CLOSED,136,63.23529411764706,63.23529411764706,
migu_lora,9,natural_vqav2,all,200,84.5,,78.7
olora,0,medical_vqa_rad,all,200,43.0,43.5,
olora,0,medical_vqa_rad,OPEN,64,7.8125,9.375,
olora,0,medical_vqa_rad,CLOSED,136,59.55882352941177,59.55882352941177,
olora,0,natural_vqav2,all,200,84.0,,78.20000000000002
olora,9,medical_vqa_rad,all,200,46.0,47.5,
olora,9,medical_vqa_rad,OPEN,64,15.625,20.3125,
olora,9,medical_vqa_rad,CLOSED,136,60.294117647058826,60.294117647058826,
olora,9,natural_vqav2,all,200,86.0,,79.90000000000002
sapt_lora,0,medical_vqa_rad,all,200,43.0,43.5,
sapt_lora,0,medical_vqa_rad,OPEN,64,7.8125,9.375,
sapt_lora,0,medical_vqa_rad,CLOSED,136,59.55882352941177,59.55882352941177,
sapt_lora,0,natural_vqav2,all,200,84.0,,78.20000000000002
sapt_lora,9,medical_vqa_rad,all,200,45.5,46.5,
sapt_lora,9,medical_vqa_rad,OPEN,64,10.9375,14.0625,
sapt_lora,9,medical_vqa_rad,CLOSED,136,61.76470588235294,61.76470588235294,
sapt_lora,9,natural_vqav2,all,200,83.5,,77.70000000000002
