method,stage,task,updates,CE_first8,CE_last8,CE_mean,penalty_mean,grad_norm_mean,grad_clipped_fraction,amp_scale_first,amp_scale_last,seconds,trainable
seq_lora,1,task1290_xsum_summarization,63,2.1147070634178817,1.7122728368267417,1.8579224741884641,0.0,1.1456789222974626,0.6984126984126984,1024.0,1024.0,341.53737646061927,1089536
seq_lora,2,task002_quoref_answer_generation,63,0.940395409881603,0.3928719994964922,0.51321231399636,0.0,4.003506842113676,1,1024.0,1024.0,317.59171166084707,1089536
seq_lora,3,task1510_evalution_relation_extraction,63,1.8619355006958358,0.03309619507763273,0.3879943353780878,0.0,7.161699316331318,0.9523809523809523,1024.0,1024.0,301.5582292722538,1089536
seq_lora,4,task1729_personachat_generate_next,63,2.7784489914774895,2.6163677060976624,2.608324596983573,0.0,2.2281612138899547,1,1024.0,1024.0,310.32011415809393,1089536
seq_lora,5,task748_glucose_reverse_cause_event_detection,63,1.6723734745755792,0.7106613410869613,0.8750213254945323,0.0,3.6223518999796065,1,1024.0,1024.0,347.14134024083614,1089536
seq_lora,6,medical_mts_dialog_note,63,2.1849251152016222,1.6382185278926045,1.8361917148521614,0.0,3.716345650809152,1,1024.0,1024.0,366.4367133481428,1089536
seq_lora,7,medical_iu_xray_impression,63,2.2994464355288073,1.3628962632501498,1.626816851766928,0.0,6.479131691039554,1,1024.0,1024.0,312.90376082248986,1089536
seq_lora,8,natural_vqav2,63,0.6282405798519903,0.39896153525705813,0.46935921804052194,0.0,2.992672770742386,1,1024.0,1024.0,295.406647939235,1089536
seq_lora,9,medical_vqa_rad,63,1.8010251142354718,1.0767065382096916,1.1428826586835918,0.0,5.821441101649451,1,1024.0,1024.0,298.31166363786906,1089536
migu_lora,1,task1290_xsum_summarization,63,2.114728017244488,1.7121327654458582,1.8578809607951414,0.0,1.1454762286610074,0.6984126984126984,1024.0,1024.0,337.05064208060503,1089536
migu_lora,2,task002_quoref_answer_generation,63,1.1259442827431485,0.503514573611028,0.6663984736170812,0.0,2.9911921724440558,1,1024.0,1024.0,323.80375770572573,1089536
migu_lora,3,task1510_evalution_relation_extraction,63,1.8403367311693728,0.22338924727228004,0.6635357003108348,0.0,5.422028990018935,1,1024.0,1024.0,314.6597685897723,1089536
migu_lora,4,task1729_personachat_generate_next,63,2.7855978310108185,2.654513887129724,2.6496071748672025,0.0,1.4151440423632424,1,1024.0,1024.0,325.07114887144417,1089536
migu_lora,5,task748_glucose_reverse_cause_event_detection,63,1.7418885063380003,0.8622943563386798,1.1078832261264324,0.0,2.7182205650541515,1,1024.0,1024.0,335.11594516038895,1089536
migu_lora,6,medical_mts_dialog_note,63,2.2001681406982243,1.7691332530230284,1.9358689237223377,0.0,2.5187377702622187,1,1024.0,1024.0,361.9716124702245,1089536
migu_lora,7,medical_iu_xray_impression,63,2.4611047161743045,1.6772384331561625,1.938742363884572,0.0,4.849949450719924,1,1024.0,1024.0,329.346631700173,1089536
migu_lora,8,natural_vqav2,63,0.687336297800357,0.40506267415958064,0.49077608244737175,0.0,2.9073236631968666,1,1024.0,1024.0,310.5253812838346,1089536
migu_lora,9,medical_vqa_rad,63,1.4121446245117113,1.1305355986114591,1.115275278125727,0.0,6.415104847105723,1,1024.0,1024.0,311.4146715225652,1089536
olora,1,task1290_xsum_summarization,63,2.1147393779829144,1.7122797202318907,1.85791862389398,0.0,1.1456591988366747,0.6984126984126984,1024.0,1024.0,350.0617014328018,1089536
olora,2,task002_quoref_answer_generation,63,1.1012209528125823,0.517667586915195,0.6687822115463427,2.4627117099506513,17.635260506281778,1,1024.0,1024.0,383.89905795734376,1089536
olora,3,task1510_evalution_relation_extraction,63,1.6092578524257988,0.22780262157903053,0.5903347877781868,6.759794604210627,25.096264036874924,1,1024.0,1024.0,440.62353685032576,1089536
olora,4,task1729_personachat_generate_next,63,2.796491748187691,2.6650295089930296,2.658568960688417,12.39594686977447,29.939498235308935,1,1024.0,1024.0,497.9353444650769,1089536
olora,5,task748_glucose_reverse_cause_event_detection,63,1.6837386591359973,0.8570888109970838,1.0609440492126085,18.537223762936062,34.529405624147444,1,1024.0,1024.0,591.5100529361516,1089536
olora,6,medical_mts_dialog_note,63,2.2069602492265403,1.7682305646594614,1.9353941633395615,25.727672970484175,38.5047602577815,1,1024.0,1024.0,629.2522541275248,1089536
olora,7,medical_iu_xray_impression,63,2.4919162206351757,1.706850967835635,1.9563617878076103,32.9849782974001,42.152769785078746,1,1024.0,1024.0,640.8768476927653,1089536
olora,8,natural_vqav2,63,0.6533807912237535,0.4035988887753774,0.4846822005725583,41.041363852364675,45.43924458821615,1,1024.0,1024.0,737.0919987075031,1089536
olora,9,medical_vqa_rad,63,1.2587099228985608,1.110290568205528,1.0976547109598795,48.825384806072904,48.64296776907785,1,1024.0,1024.0,769.507896088995,1089536
sapt_lora,1,task1290_xsum_summarization,63,2.1141505031846464,1.7109889104031026,1.8574616738136798,0.0,1.1624763059237646,0.7619047619047619,1024.0,1024.0,410.3439930314198,1401344
sapt_lora,2,task002_quoref_answer_generation,63,1.279731723247096,1.4515318486373872,1.4132762922450812,0.031338703927874106,1.177157498291871,0.06349206349206349,1024.0,1024.0,410.7209700997919,1401344
sapt_lora,3,task1510_evalution_relation_extraction,63,1.9363942141644657,0.23492569819791242,0.8389095504738627,0.18318513997401747,3.106825930613374,0.8571428571428571,1024.0,1024.0,461.8543086228892,1401344
sapt_lora,4,task1729_personachat_generate_next,63,2.8474089270457625,2.83748887013644,2.797614509505885,0.03738403127395681,3.6652926410001423,0.7777777777777778,1024.0,1024.0,541.8607346918434,1401344
sapt_lora,5,task748_glucose_reverse_cause_event_detection,63,1.7831541928462684,1.804074031766504,1.7373663717437358,0.049142242490594824,5.3804605684819675,0.8253968253968254,1024.0,1024.0,694.5189472949132,1401344
sapt_lora,6,medical_mts_dialog_note,63,2.299573038239032,2.0772073678672314,2.196648005248299,0.03386707656410715,5.56982883775518,0.8253968253968254,1024.0,1024.0,768.6340356925502,1401344
sapt_lora,7,medical_iu_xray_impression,63,3.0035610453924164,2.996388935483992,2.975867783946414,0.03546631189122323,5.082031911327725,0.873015873015873,1024.0,1024.0,1000.5541286384687,1401344
sapt_lora,8,natural_vqav2,63,0.7274104165880999,0.6257140882880776,0.6441901373786211,0.043408459185489585,5.460574531720744,0.8571428571428571,1024.0,1024.0,769.8794644810259,1401344
sapt_lora,9,medical_vqa_rad,63,1.1781142726540565,1.1996373476576991,1.1648557672631883,0.03482343703656206,4.78214463307744,0.7777777777777778,1024.0,1024.0,848.6369679747149,1401344
