from_stage,to_stage,task,first_order_CE_change,observed_CE_change,update_gradient_cosine
5,6,task1290_xsum_summarization,0.0034214970655739307,0.018888264894485474,0.0015401792505856649
5,6,task002_quoref_answer_generation,-0.012446140870451927,0.020052478415891528,-0.0021263400468249476
5,6,task1510_evalution_relation_extraction,0.018124787136912346,0.026489358802791685,0.003071320367764804
5,6,task1729_personachat_generate_next,-0.029456883668899536,0.009224668145179749,-0.008041833883325541
5,6,task748_glucose_reverse_cause_event_detection,-0.05107583850622177,-0.018576357513666153,-0.013584205503063218
5,6,medical_mts_dialog_note,-0.8366833329200745,-0.38858361542224884,-0.1120825876447214
5,6,medical_iu_xray_impression,-0.06433755159378052,-0.04922419786453247,-0.002243606404035317
5,6,natural_vqav2,0.003822848666459322,0.010415835306048393,0.0005293542671684523
5,6,medical_vqa_rad,0.021247750148177147,0.034749276004731655,0.004097403387175794
6,7,task1290_xsum_summarization,0.008622376248240471,0.030524462461471558,0.002373107023517042
6,7,task002_quoref_answer_generation,0.052653901278972626,0.08935189922340214,0.0043355173765446346
6,7,task1510_evalution_relation_extraction,-0.03724725544452667,0.03435350558720529,-0.0045097532391144175
6,7,task1729_personachat_generate_next,0.03592556342482567,0.026809751987457275,0.006801990831608189
6,7,task748_glucose_reverse_cause_event_detection,0.0005376829067245126,0.06186875328421593,9.85456325369613e-05
6,7,medical_mts_dialog_note,-0.044397082179784775,0.03987134248018265,-0.009270809882263139
6,7,medical_iu_xray_impression,-3.02844500541687,-1.2245434075593948,-0.07957501061483022
6,7,natural_vqav2,0.012496815994381905,0.02271711779758334,0.001259407338790022
6,7,medical_vqa_rad,0.02840254455804825,0.058021580800414085,0.002628429660034776
7,8,task1290_xsum_summarization,0.007358064875006676,0.0066690146923065186,0.002136090270000297
7,8,task002_quoref_answer_generation,0.04572346433997154,0.03397995512932539,0.005315678389444995
7,8,task1510_evalution_relation_extraction,0.01484066154807806,0.11074525932781398,0.0022665081323848014
7,8,task1729_personachat_generate_next,-0.0010138368234038353,0.03216201066970825,-0.0002823905038142582
7,8,task748_glucose_reverse_cause_event_detection,0.04040754213929176,0.08741095662117004,0.005721980528458057
7,8,medical_mts_dialog_note,-0.007362701930105686,0.08949273079633713,-0.0015815730851215185
7,8,medical_iu_xray_impression,-0.022115278989076614,-0.007012426853179932,-0.003667287083490357
7,8,natural_vqav2,-0.970615029335022,-0.054312951397150755,-0.13391510350041697
7,8,medical_vqa_rad,-0.5648819804191589,3.534143667668104,-0.042148791491877384
8,9,task1290_xsum_summarization,-0.03421374782919884,-0.018981337547302246,-0.006343252658565559
8,9,task002_quoref_answer_generation,-0.055907730013132095,0.04187383037060499,-0.002961430053164646
8,9,task1510_evalution_relation_extraction,0.034254446625709534,0.020834194496273994,0.002101838806609994
8,9,task1729_personachat_generate_next,-0.11469697952270508,-0.04644434154033661,-0.01870485862701795
8,9,task748_glucose_reverse_cause_event_detection,-0.10686741024255753,-0.08123310282826424,-0.01065732852290874
8,9,medical_mts_dialog_note,-0.3303546905517578,-0.09612569957971573,-0.03377329029798614
8,9,medical_iu_xray_impression,-0.2202892303466797,-0.03279874473810196,-0.024429920057822095
8,9,natural_vqav2,0.1227744072675705,0.09844314749352634,0.010522046969374995
8,9,medical_vqa_rad,-8.151835441589355,-3.6148170195519924,-0.19254319902207248
