stage,mode,group,n,rougeL,EM,agreement_with_original_prediction,generation_limit_hits
0,actual128,all,60,33.7057387057387,30.0,0.9833333333333333,0
0,actual128,CLOSED,30,53.333333333333336,53.333333333333336,0.9666666666666667,0
0,actual128,OPEN,30,14.078144078144076,6.666666666666667,1.0,0
0,actual128,CHEST,20,36.0,30.0,0.95,0
0,actual128,HEAD,20,37.97435897435898,35.0,1.0,0
0,actual128,ABD,20,27.14285714285714,25.0,1.0,0
0,wrong128,all,60,41.21672771672772,38.333333333333336,0.65,0
0,wrong128,CLOSED,30,63.333333333333336,63.333333333333336,0.8,0
0,wrong128,OPEN,30,19.1001221001221,13.333333333333334,0.5,0
0,wrong128,CHEST,20,36.5,30.0,0.85,0
0,wrong128,HEAD,20,46.43589743589744,45.0,0.6,0
0,wrong128,ABD,20,40.714285714285715,40.0,0.5,0
0,no_image,all,60,30.21090605301131,26.666666666666668,0.21666666666666667,0
0,no_image,CLOSED,30,55.16569200779727,53.333333333333336,0.43333333333333335,0
0,no_image,OPEN,30,5.256120098225362,0.0,0.0,0
0,no_image,CHEST,20,32.92929292929292,30.0,0.25,0
0,no_image,HEAD,20,35.25898078529657,30.0,0.3,0
0,no_image,ABD,20,22.444444444444443,20.0,0.1,0
0,actual512,all,60,45.63675213675213,41.666666666666664,0.5833333333333334,0
0,actual512,CLOSED,30,70.0,70.0,0.7666666666666667,0
0,actual512,OPEN,30,21.273504273504273,13.333333333333334,0.4,0
0,actual512,CHEST,20,36.5,30.0,0.7,0
0,actual512,HEAD,20,49.57692307692308,45.0,0.6,0
0,actual512,ABD,20,50.83333333333333,50.0,0.45,0
9,actual128,all,60,42.253357753357754,38.333333333333336,0.9833333333333333,0
9,actual128,CLOSED,30,56.666666666666664,56.666666666666664,0.9666666666666667,0
9,actual128,OPEN,30,27.84004884004884,20.0,1.0,0
9,actual128,CHEST,20,41.16666666666667,35.0,1.0,0
9,actual128,HEAD,20,45.59340659340659,40.0,0.95,0
9,actual128,ABD,20,40.0,40.0,1.0,0
9,wrong128,all,60,49.34126984126985,45.0,0.7,0
9,wrong128,CLOSED,30,73.33333333333333,73.33333333333333,0.8333333333333334,0
9,wrong128,OPEN,30,25.349206349206348,16.666666666666668,0.5666666666666667,0
9,wrong128,CHEST,20,51.16666666666667,45.0,0.65,0
9,wrong128,HEAD,20,41.857142857142854,35.0,0.7,0
9,wrong128,ABD,20,55.0,55.0,0.75,0
9,no_image,all,60,39.55555555555556,35.0,0.25,0
9,no_image,CLOSED,30,60.0,60.0,0.5,0
9,no_image,OPEN,30,19.111111111111107,10.0,0.0,0
9,no_image,CHEST,20,49.5,45.0,0.25,0
9,no_image,HEAD,20,36.666666666666664,30.0,0.35,0
9,no_image,ABD,20,32.5,30.0,0.15,0
9,actual512,all,60,48.920024420024426,45.0,0.65,0
9,actual512,CLOSED,30,73.33333333333333,73.33333333333333,0.7,0
9,actual512,OPEN,30,24.50671550671551,16.666666666666668,0.6,0
9,actual512,CHEST,20,46.16666666666667,40.0,0.65,0
9,actual512,HEAD,20,50.59340659340659,45.0,0.75,0
9,actual512,ABD,20,50.0,50.0,0.55,0
