method,task,group,after7,after8,after9
seq_lora,task1290_xsum_summarization,old,14.018977548988456,15.99828136398673,16.37132888881209
seq_lora,task002_quoref_answer_generation,old,55.44983016983021,55.08200466200469,55.6202730602731
seq_lora,task1510_evalution_relation_extraction,old,48.89666666666667,48.758308702791474,36.47
seq_lora,task1729_personachat_generate_next,old,11.338682643585454,12.43744549211909,13.186421005267151
seq_lora,task748_glucose_reverse_cause_event_detection,old,21.230077482055446,31.638483445481103,32.12215140567141
seq_lora,task511_reddit_tifu_long_text_summarization,old,13.1873257951901,15.287664246278224,15.726116719319883
seq_lora,task591_sciq_answer_generation,old,15.31888888888889,15.825252525252525,14.407460317460316
seq_lora,medical_mts_dialog_note,medical,13.07957870659298,14.680941438016182,14.15825186475379
seq_lora,medical_iu_xray_impression,medical,6.009086993094741,10.183952899777871,24.23743154539855
migu_lora,task1290_xsum_summarization,old,15.037921500569716,15.524915005407436,16.112326303777582
migu_lora,task002_quoref_answer_generation,old,52.61945387945393,52.60268470092003,52.572232930468275
migu_lora,task1510_evalution_relation_extraction,old,49.32356321839082,48.83137931034484,49.04008359456637
migu_lora,task1729_personachat_generate_next,old,9.822878949441147,10.726864758434951,13.48762015762067
migu_lora,task748_glucose_reverse_cause_event_detection,old,18.516326355534773,21.964454921597696,21.926098336613272
migu_lora,task511_reddit_tifu_long_text_summarization,old,11.885864561746713,12.830847652863788,15.101542261563138
migu_lora,task591_sciq_answer_generation,old,4.384444444444444,6.282381857908173,5.656345671871987
migu_lora,medical_mts_dialog_note,medical,13.04748632907236,13.220747861893846,14.44002806722335
migu_lora,medical_iu_xray_impression,medical,7.1201396403585715,8.85567286918031,11.044475593107736
olora,task1290_xsum_summarization,old,14.66293492418621,14.736441761171402,14.545695197813158
olora,task002_quoref_answer_generation,old,54.487988110272966,54.19831448488996,54.384129299704774
olora,task1510_evalution_relation_extraction,old,42.285443789926674,42.88143572070121,43.43129624332032
olora,task1729_personachat_generate_next,old,8.595917084908782,9.103572737899484,10.387888689982269
olora,task748_glucose_reverse_cause_event_detection,old,24.221247768268437,24.26555843751869,22.831091636661156
olora,task511_reddit_tifu_long_text_summarization,old,8.946340670431775,8.742782108737323,7.849298690034272
olora,task591_sciq_answer_generation,old,0.28,0.4,0.08
olora,medical_mts_dialog_note,medical,6.868458310012162,6.6724757739138205,5.273422062896852
olora,medical_iu_xray_impression,medical,8.254589525719236,8.291165112961789,7.147600534356322
sapt_lora,task1290_xsum_summarization,old,14.43372978503368,14.206603153115113,14.062716991902686
sapt_lora,task002_quoref_answer_generation,old,52.29334264111719,43.3416703420181,31.928185026157504
sapt_lora,task1510_evalution_relation_extraction,old,2.363623872007503,0.36464646464646466,0.4883179622310057
sapt_lora,task1729_personachat_generate_next,old,3.7848825910985004,1.339476447148771,0.9382156246571312
sapt_lora,task748_glucose_reverse_cause_event_detection,old,0.39964285714285713,0.1625,0.1625
sapt_lora,task511_reddit_tifu_long_text_summarization,old,10.936124045057971,9.27247372735016,7.90020002407383
sapt_lora,task591_sciq_answer_generation,old,0.0,0.0,0.0
sapt_lora,medical_mts_dialog_note,medical,9.591345275227512,6.424418792058799,6.395140309529957
sapt_lora,medical_iu_xray_impression,medical,8.679134313624864,10.569456938805878,10.927287380449458
