method,stage,all_task_em,medical_text_em,medical_image_em,old_task_delta,medical_probe,general_probe
seq_lora,0,43.57029241944496,44.25,43.11715403240827,,56.25,54.90196078431372
seq_lora,1,44.590072639225184,46.25,43.48345439870864,,58.333333333333336,52.94117647058823
seq_lora,2,44.49007263922518,46.0,43.48345439870864,-1.0,60.416666666666664,53.92156862745098
seq_lora,3,44.50476811324269,46.25,43.34128018873781,0.25,60.416666666666664,52.94117647058823
seq_lora,4,44.966939839821194,45.75,44.44489973303533,1.1318681318681314,61.458333333333336,53.92156862745098
seq_lora,5,48.02229465449805,46.25,49.20382442416341,1.7005494505494507,61.458333333333336,53.92156862745098
migu_lora,0,43.57029241944496,44.25,43.11715403240827,,56.25,54.90196078431372
migu_lora,1,44.370292419444965,46.25,43.11715403240827,,58.333333333333336,51.96078431372549
migu_lora,2,44.79007263922519,46.75,43.48345439870864,1.0,57.291666666666664,51.96078431372549
migu_lora,3,45.848258521139876,47.25,44.913764201899795,0.5,59.375,51.96078431372549
migu_lora,4,45.48724157198733,47.5,44.14540261997889,0.16666666666666666,59.375,50.98039215686274
migu_lora,5,46.88498789346247,47.75,46.30831315577078,0.8997252747252737,60.416666666666664,50.98039215686274
olora,0,43.57029241944496,44.25,43.11715403240827,,56.25,54.90196078431372
olora,1,44.47029241944496,46.5,43.11715403240827,,58.333333333333336,51.96078431372549
olora,2,44.690072639225185,46.5,43.48345439870864,0.0,58.333333333333336,51.96078431372549
olora,3,44.60702179176756,45.75,43.845036319612596,-0.75,58.333333333333336,52.94117647058823
olora,4,45.925125721735895,46.0,45.875209536226485,1.6318681318681338,58.333333333333336,54.90196078431372
olora,5,47.74375116409015,46.5,48.572918606816906,1.4258241758241752,58.333333333333336,53.92156862745098
sapt_lora,0,43.57029241944496,44.25,43.11715403240827,,56.25,54.90196078431372
sapt_lora,1,44.270292419444964,46.0,43.11715403240827,,58.333333333333336,52.94117647058823
sapt_lora,2,44.07029241944496,45.5,43.11715403240827,-0.5,58.333333333333336,52.94117647058823
sapt_lora,3,44.17029241944496,45.75,43.11715403240827,0.25,58.333333333333336,52.94117647058823
sapt_lora,4,44.17029241944496,45.75,43.11715403240827,0.0,58.333333333333336,52.94117647058823
sapt_lora,5,44.270292419444964,46.0,43.11715403240827,0.125,58.333333333333336,52.94117647058823
