method,task,latest_stage,base,just_learned,latest,learning_gain,retained_gain,change_after_learning
seq_lora,medical_medmcqa,5,43.0,45.0,44.5,2.0,1.5,-0.5
seq_lora,medical_medqa,5,45.5,48.0,48.0,2.5,2.5,0.0
seq_lora,medical_vqa_rad_chest,5,41.75824175824176,43.956043956043956,46.15384615384615,2.197802197802197,4.395604395604394,2.197802197802197
seq_lora,medical_vqa_rad_head,5,52.0,46.0,54.0,-6.0,2.0,8.0
seq_lora,medical_vqa_rad_abd,5,35.59322033898305,47.45762711864407,47.45762711864407,11.864406779661017,11.864406779661017,0.0
migu_lora,medical_medmcqa,5,43.0,44.5,46.5,1.5,3.5,2.0
migu_lora,medical_medqa,5,45.5,48.0,49.0,2.5,3.5,1.0
migu_lora,medical_vqa_rad_chest,5,41.75824175824176,41.75824175824176,42.857142857142854,0.0,1.098901098901095,1.098901098901095
migu_lora,medical_vqa_rad_head,5,52.0,50.0,52.0,-2.0,0.0,2.0
migu_lora,medical_vqa_rad_abd,5,35.59322033898305,44.067796610169495,44.067796610169495,8.474576271186443,8.474576271186443,0.0
olora,medical_medmcqa,5,43.0,45.0,45.0,2.0,2.0,0.0
olora,medical_medqa,5,45.5,48.0,48.0,2.5,2.5,0.0
olora,medical_vqa_rad_chest,5,41.75824175824176,42.857142857142854,43.956043956043956,1.098901098901095,2.197802197802197,1.098901098901102
olora,medical_vqa_rad_head,5,52.0,48.0,56.0,-4.0,4.0,8.0
olora,medical_vqa_rad_abd,5,35.59322033898305,45.76271186440678,45.76271186440678,10.16949152542373,10.16949152542373,0.0
sapt_lora,medical_medmcqa,5,43.0,45.0,45.0,2.0,2.0,0.0
sapt_lora,medical_medqa,5,45.5,46.5,47.0,1.0,1.5,0.5
sapt_lora,medical_vqa_rad_chest,5,41.75824175824176,41.75824175824176,41.75824175824176,0.0,0.0,0.0
sapt_lora,medical_vqa_rad_head,5,52.0,52.0,52.0,0.0,0.0,0.0
sapt_lora,medical_vqa_rad_abd,5,35.59322033898305,35.59322033898305,35.59322033898305,0.0,0.0,0.0
