experiment,method,score,baseline_fixed_mean,MFT,MFN,MAA,final_gain_vs_base,mean_new_task_gain,AP,F.Rate,BWT,FWT,SAPT_FWT_vs_independent,oracle_gap
t5large7,seq_lora,rougeL,8.990665926595774,29.871096893526925,25.634349885029316,30.28576189009902,16.64368395843354,18.87510537318831,25.634349885029316,5.352395016106485,-4.942871509913875,2.3395465260333177,,
t5large7,seq_lora,exact_match,2.257142857142857,6.971428571428572,7.742857142857143,9.113741496598639,5.485714285714286,5.457142857142857,7.742857142857143,-0.8333333333333338,0.8999999999999998,-0.8666666666666668,,
t5large7,seq_lora,token_f1,9.197443692478798,29.44455437729951,25.218811082264352,30.400294749696943,16.021367389785553,19.078898812975385,25.218811082264352,5.323740256942066,-4.930033844207685,1.3629138504862153,,
t5large7,migu_lora,rougeL,8.990665926595774,22.044723263133996,23.084350415654505,27.091038966867398,14.093684489058731,15.50924149789524,23.084350415654505,1.944109503262163,1.2128983446072639,-2.864381521583191,,
t5large7,migu_lora,exact_match,2.257142857142857,5.742857142857143,6.0,8.734285714285715,3.742857142857143,4.285714285714286,6.0,-0.2333333333333331,0.29999999999999954,-0.9333333333333336,,
t5large7,migu_lora,token_f1,9.197443692478798,21.96067022417859,23.0471388895178,27.41644220789658,13.849695197039003,15.551997562741704,23.0471388895178,1.7020844364889272,1.2675467762290722,-3.253566202882222,,
t5large7,olora,rougeL,8.990665926595774,17.980357320387416,21.925696049713544,25.099968260322637,12.93503012311777,12.316752611252932,21.925696049713544,0.29688887818823034,4.602895184213823,-3.8815714203715044,,
t5large7,olora,exact_match,2.257142857142857,5.628571428571429,5.857142857142857,9.110544217687075,3.5999999999999996,4.171428571428572,5.857142857142857,-0.033333333333332625,0.2666666666666657,-0.9333333333333336,,
t5large7,olora,token_f1,9.197443692478798,18.186794946754734,22.09352731061551,25.668564508982282,12.896083618136712,12.449374946917315,22.09352731061551,0.5840306878207749,4.55785442450424,-4.0366943080816045,,
t5large7,sapt_lora,rougeL,8.990665926595774,11.199848007208919,12.030192255922527,17.289289661925867,3.039526329326753,2.767848166469147,12.030192255922527,0.809860575137181,0.9687349568325437,-0.651777100165336,,
t5large7,sapt_lora,exact_match,2.257142857142857,5.6000000000000005,5.485714285714286,8.046530612244899,3.2285714285714286,4.628571428571429,5.485714285714286,0.13333333333333405,-0.13333333333333405,-1.5,,
t5large7,sapt_lora,token_f1,9.197443692478798,11.456963247903616,12.418383795001091,17.825716291338836,3.2209401025222935,2.7834484597630658,12.418383795001091,0.7150598485558167,1.1216573049470542,-0.6112503883946209,,
