method,stage,task,group,rougeL,exact_match,token_f1,count
seq_lora,0,natural_vqav2,answer_type:other,83.71262884238662,77.45098039215686,81.59663865546219,102
seq_lora,0,natural_vqav2,answer_type:number,86.95652173913044,86.95652173913044,86.95652173913044,23
seq_lora,0,natural_vqav2,answer_type:yes/no,92.0,92.0,92.0,75
seq_lora,0,medical_vqa_rad,answer_type:CLOSED,60.049019607843135,59.55882352941177,60.049019607843135,136
seq_lora,0,medical_vqa_rad,answer_type:OPEN,18.28432494792789,7.8125,16.207264957264954,64
seq_lora,0,medical_vqa_rad,organ:CHEST,47.073906485671195,40.65934065934066,46.221470836855445,91
seq_lora,0,medical_vqa_rad,organ:HEAD,55.634188034188035,54.0,55.288888888888884,50
seq_lora,0,medical_vqa_rad,organ:ABD,38.49878934624697,37.28813559322034,37.85310734463276,59
seq_lora,1,natural_vqav2,answer_type:other,82.13507625272332,76.47058823529412,79.31839402427639,102
seq_lora,1,natural_vqav2,answer_type:number,86.95652173913044,86.95652173913044,86.95652173913044,23
seq_lora,1,natural_vqav2,answer_type:yes/no,92.0,92.0,92.0,75
seq_lora,1,medical_vqa_rad,answer_type:CLOSED,63.725490196078425,63.23529411764706,63.725490196078425,136
seq_lora,1,medical_vqa_rad,answer_type:OPEN,22.629563043165984,10.9375,20.217681623931625,64
seq_lora,1,medical_vqa_rad,organ:CHEST,51.542770954535655,43.956043956043956,50.50718512256973,91
seq_lora,1,medical_vqa_rad,organ:HEAD,55.634188034188035,54.0,55.288888888888884,50
seq_lora,1,medical_vqa_rad,organ:ABD,44.79418886198547,44.067796610169495,44.067796610169495,59
seq_lora,2,natural_vqav2,answer_type:other,82.04170557111733,76.47058823529412,79.2250233426704,102
seq_lora,2,natural_vqav2,answer_type:number,86.95652173913044,86.95652173913044,86.95652173913044,23
seq_lora,2,natural_vqav2,answer_type:yes/no,92.0,92.0,92.0,75
seq_lora,2,medical_vqa_rad,answer_type:CLOSED,65.93137254901961,65.44117647058823,65.93137254901961,136
seq_lora,2,medical_vqa_rad,answer_type:OPEN,20.748435592185594,9.375,18.350694444444443,64
seq_lora,2,medical_vqa_rad,organ:CHEST,49.12087912087913,41.75824175824176,48.0952380952381,91
seq_lora,2,medical_vqa_rad,organ:HEAD,63.634188034188035,62.0,63.288888888888884,50
seq_lora,2,medical_vqa_rad,organ:ABD,44.79418886198547,44.067796610169495,44.067796610169495,59
seq_lora,3,natural_vqav2,answer_type:other,80.94460006224712,75.49019607843137,77.51633986928105,102
seq_lora,3,natural_vqav2,answer_type:number,86.95652173913044,86.95652173913044,86.95652173913044,23
seq_lora,3,natural_vqav2,answer_type:yes/no,92.0,92.0,92.0,75
seq_lora,3,medical_vqa_rad,answer_type:CLOSED,63.725490196078425,63.23529411764706,63.725490196078425,136
seq_lora,3,medical_vqa_rad,answer_type:OPEN,22.675518925518926,12.5,20.277777777777775,64
seq_lora,3,medical_vqa_rad,organ:CHEST,47.17948717948719,40.65934065934066,46.15384615384615,91
seq_lora,3,medical_vqa_rad,organ:HEAD,61.634188034188035,60.0,61.288888888888884,50
seq_lora,3,medical_vqa_rad,organ:ABD,46.489104116222755,45.76271186440678,45.76271186440678,59
seq_lora,4,natural_vqav2,answer_type:other,83.44226579520699,79.41176470588235,81.60597572362279,102
seq_lora,4,natural_vqav2,answer_type:number,86.95652173913044,86.95652173913044,86.95652173913044,23
seq_lora,4,natural_vqav2,answer_type:yes/no,92.0,92.0,92.0,75
seq_lora,4,medical_vqa_rad,answer_type:CLOSED,65.93137254901961,65.44117647058823,65.93137254901961,136
seq_lora,4,medical_vqa_rad,answer_type:OPEN,21.249653124653122,12.5,20.321180555555554,64
seq_lora,4,medical_vqa_rad,organ:CHEST,47.39926739926741,41.75824175824176,47.252747252747255,91
seq_lora,4,medical_vqa_rad,organ:HEAD,63.6947940947941,62.0,63.34444444444444,50
seq_lora,4,medical_vqa_rad,organ:ABD,47.94188861985472,47.45762711864407,47.45762711864407,59
seq_lora,5,natural_vqav2,answer_type:other,82.29847494553378,78.43137254901961,80.46218487394958,102
seq_lora,5,natural_vqav2,answer_type:number,86.95652173913044,86.95652173913044,86.95652173913044,23
seq_lora,5,natural_vqav2,answer_type:yes/no,92.0,92.0,92.0,75
seq_lora,5,medical_vqa_rad,answer_type:CLOSED,67.40196078431373,66.91176470588235,67.40196078431373,136
seq_lora,5,medical_vqa_rad,answer_type:OPEN,22.655903124653122,12.5,20.477430555555554,64
seq_lora,5,medical_vqa_rad,organ:CHEST,49.487179487179496,42.857142857142854,48.46153846153846,91
seq_lora,5,medical_vqa_rad,organ:HEAD,67.69479409479409,66.0,67.34444444444445,50
seq_lora,5,medical_vqa_rad,organ:ABD,46.24697336561743,45.76271186440678,45.76271186440678,59
seq_lora,6,natural_vqav2,answer_type:other,83.44226579520699,80.3921568627451,81.37254901960785,102
seq_lora,6,natural_vqav2,answer_type:number,86.95652173913044,86.95652173913044,86.95652173913044,23
seq_lora,6,natural_vqav2,answer_type:yes/no,93.33333333333333,93.33333333333333,93.33333333333333,75
seq_lora,6,medical_vqa_rad,answer_type:CLOSED,68.13725490196079,67.6470588235294,68.13725490196079,136
seq_lora,6,medical_vqa_rad,answer_type:OPEN,23.07234432234432,12.5,20.833333333333332,64
seq_lora,6,medical_vqa_rad,organ:CHEST,48.71794871794872,41.75824175824176,47.69230769230769,91
seq_lora,6,medical_vqa_rad,organ:HEAD,65.66593406593407,64.0,65.2,50
seq_lora,6,medical_vqa_rad,organ:ABD,51.29943502824859,50.847457627118644,50.847457627118644,59
seq_lora,7,natural_vqav2,answer_type:other,83.4967320261438,80.3921568627451,81.43790849673204,102
seq_lora,7,natural_vqav2,answer_type:number,82.6086956521739,82.6086956521739,82.6086956521739,23
seq_lora,7,natural_vqav2,answer_type:yes/no,93.33333333333333,93.33333333333333,93.33333333333333,75
seq_lora,7,medical_vqa_rad,answer_type:CLOSED,63.970588235294116,63.970588235294116,63.970588235294116,136
seq_lora,7,medical_vqa_rad,answer_type:OPEN,25.874542124542128,15.625,24.126602564102566,64
seq_lora,7,medical_vqa_rad,organ:CHEST,48.90955198647506,42.857142857142854,47.88391096083403,91
seq_lora,7,medical_vqa_rad,organ:HEAD,61.57069597069597,60.0,61.73333333333333,50
seq_lora,7,medical_vqa_rad,organ:ABD,47.90960451977401,47.45762711864407,47.45762711864407,59
seq_lora,8,natural_vqav2,answer_type:other,85.20074696545285,81.37254901960785,83.07189542483661,102
seq_lora,8,natural_vqav2,answer_type:number,86.95652173913044,86.95652173913044,86.95652173913044,23
seq_lora,8,natural_vqav2,answer_type:yes/no,94.66666666666667,94.66666666666667,94.66666666666667,75
seq_lora,8,medical_vqa_rad,answer_type:CLOSED,60.78431372549021,60.294117647058826,60.78431372549021,136
seq_lora,8,medical_vqa_rad,answer_type:OPEN,23.10763888888889,15.625,23.26388888888889,64
seq_lora,8,medical_vqa_rad,organ:CHEST,44.13919413919414,39.56043956043956,44.13919413919414,91
seq_lora,8,medical_vqa_rad,organ:HEAD,46.577777777777776,44.0,46.77777777777777,50
seq_lora,8,medical_vqa_rad,organ:ABD,57.6271186440678,57.6271186440678,57.6271186440678,59
seq_lora,9,natural_vqav2,answer_type:other,84.15032679738563,80.3921568627451,82.09150326797386,102
seq_lora,9,natural_vqav2,answer_type:number,80.43478260869566,78.26086956521739,80.43478260869566,23
seq_lora,9,natural_vqav2,answer_type:yes/no,92.0,92.0,92.0,75
seq_lora,9,medical_vqa_rad,answer_type:CLOSED,64.4607843137255,63.970588235294116,64.4607843137255,136
seq_lora,9,medical_vqa_rad,answer_type:OPEN,29.6945936008436,18.75,28.675820707070706,64
seq_lora,9,medical_vqa_rad,organ:CHEST,53.476523476523475,47.252747252747255,53.33000333000333,91
seq_lora,9,medical_vqa_rad,organ:HEAD,54.015140415140415,50.0,52.977777777777774,50
seq_lora,9,medical_vqa_rad,organ:ABD,52.54237288135593,52.54237288135593,52.54237288135593,59
migu_lora,0,natural_vqav2,answer_type:number,86.95652173913044,86.95652173913044,86.95652173913044,23
migu_lora,0,natural_vqav2,answer_type:yes/no,92.0,92.0,92.0,75
migu_lora,0,natural_vqav2,answer_type:other,83.71262884238662,77.45098039215686,81.59663865546219,102
migu_lora,0,medical_vqa_rad,answer_type:CLOSED,60.049019607843135,59.55882352941177,60.049019607843135,136
migu_lora,0,medical_vqa_rad,answer_type:OPEN,18.28432494792789,7.8125,16.207264957264954,64
migu_lora,0,medical_vqa_rad,organ:CHEST,47.073906485671195,40.65934065934066,46.221470836855445,91
migu_lora,0,medical_vqa_rad,organ:ABD,38.49878934624697,37.28813559322034,37.85310734463276,59
migu_lora,0,medical_vqa_rad,organ:HEAD,55.634188034188035,54.0,55.288888888888884,50
migu_lora,1,natural_vqav2,answer_type:number,86.95652173913044,86.95652173913044,86.95652173913044,23
migu_lora,1,natural_vqav2,answer_type:yes/no,92.0,92.0,92.0,75
migu_lora,1,natural_vqav2,answer_type:other,82.13507625272332,76.47058823529412,79.31839402427639,102
migu_lora,1,medical_vqa_rad,answer_type:CLOSED,62.99019607843137,62.5,62.99019607843137,136
migu_lora,1,medical_vqa_rad,answer_type:OPEN,22.629563043165984,10.9375,20.217681623931625,64
migu_lora,1,medical_vqa_rad,organ:CHEST,51.542770954535655,43.956043956043956,50.50718512256973,91
migu_lora,1,medical_vqa_rad,organ:ABD,43.09927360774818,42.3728813559322,42.3728813559322,59
migu_lora,1,medical_vqa_rad,organ:HEAD,55.634188034188035,54.0,55.288888888888884,50
migu_lora,2,natural_vqav2,answer_type:number,86.95652173913044,86.95652173913044,86.95652173913044,23
migu_lora,2,natural_vqav2,answer_type:yes/no,92.0,92.0,92.0,75
migu_lora,2,natural_vqav2,answer_type:other,80.4193899782135,74.50980392156863,77.6844070961718,102
migu_lora,2,medical_vqa_rad,answer_type:CLOSED,64.46078431372548,63.970588235294116,64.46078431372548,136
migu_lora,2,medical_vqa_rad,answer_type:OPEN,21.859476415397467,10.9375,19.664797008547005,64
migu_lora,2,medical_vqa_rad,organ:CHEST,49.715412792335876,42.857142857142854,48.79966187658495,91
migu_lora,2,medical_vqa_rad,organ:ABD,44.79418886198547,44.067796610169495,44.067796610169495,59
migu_lora,2,medical_vqa_rad,organ:HEAD,59.97426900584796,58.0,59.68888888888889,50
migu_lora,3,natural_vqav2,answer_type:number,86.95652173913044,86.95652173913044,86.95652173913044,23
migu_lora,3,natural_vqav2,answer_type:yes/no,92.0,92.0,92.0,75
migu_lora,3,natural_vqav2,answer_type:other,81.39978213507626,75.49019607843137,78.66479925303454,102
migu_lora,3,medical_vqa_rad,answer_type:CLOSED,65.19607843137256,64.70588235294117,65.19607843137256,136
migu_lora,3,medical_vqa_rad,answer_type:OPEN,21.113018925518926,10.9375,18.871527777777775,64
migu_lora,3,medical_vqa_rad,organ:CHEST,48.278388278388285,41.75824175824176,47.362637362637365,91
migu_lora,3,medical_vqa_rad,organ:ABD,44.79418886198547,44.067796610169495,44.067796610169495,59
migu_lora,3,medical_vqa_rad,organ:HEAD,63.634188034188035,62.0,63.288888888888884,50
migu_lora,4,natural_vqav2,answer_type:number,86.95652173913044,86.95652173913044,86.95652173913044,23
migu_lora,4,natural_vqav2,answer_type:yes/no,92.0,92.0,92.0,75
migu_lora,4,natural_vqav2,answer_type:other,81.15468409586056,75.49019607843137,78.33800186741364,102
migu_lora,4,medical_vqa_rad,answer_type:CLOSED,65.93137254901961,65.44117647058823,65.93137254901961,136
migu_lora,4,medical_vqa_rad,answer_type:OPEN,23.14480566947672,12.5,20.008680555555554,64
migu_lora,4,medical_vqa_rad,organ:CHEST,48.388278388278394,41.75824175824176,46.81318681318681,91
migu_lora,4,medical_vqa_rad,organ:ABD,48.18401937046004,47.45762711864407,47.45762711864407,59
migu_lora,4,medical_vqa_rad,organ:HEAD,64.03487506645402,62.0,63.74444444444444,50
migu_lora,5,natural_vqav2,answer_type:number,86.95652173913044,86.95652173913044,86.95652173913044,23
migu_lora,5,natural_vqav2,answer_type:yes/no,92.0,92.0,92.0,75
migu_lora,5,natural_vqav2,answer_type:other,82.95206971677563,77.45098039215686,80.13538748832866,102
migu_lora,5,medical_vqa_rad,answer_type:CLOSED,65.93137254901961,65.44117647058823,65.93137254901961,136
migu_lora,5,medical_vqa_rad,answer_type:OPEN,25.26006979131979,14.0625,22.039930555555557,64
migu_lora,5,medical_vqa_rad,organ:CHEST,50.03663003663004,42.857142857142854,48.46153846153846,91
migu_lora,5,medical_vqa_rad,organ:ABD,46.52945924132365,45.76271186440678,45.76271186440678,59
migu_lora,5,medical_vqa_rad,organ:HEAD,65.69479409479409,64.0,65.34444444444445,50
migu_lora,6,natural_vqav2,answer_type:number,86.95652173913044,86.95652173913044,86.95652173913044,23
migu_lora,6,natural_vqav2,answer_type:yes/no,92.0,92.0,92.0,75
migu_lora,6,natural_vqav2,answer_type:other,84.09586056644882,78.43137254901961,81.27917833800187,102
migu_lora,6,medical_vqa_rad,answer_type:CLOSED,67.40196078431373,66.91176470588235,67.40196078431373,136
migu_lora,6,medical_vqa_rad,answer_type:OPEN,24.92238664113664,14.0625,22.520699786324787,64
migu_lora,6,medical_vqa_rad,organ:CHEST,49.825302902225985,42.857142857142854,48.79966187658495,91
migu_lora,6,medical_vqa_rad,organ:ABD,49.87893462469734,49.152542372881356,49.152542372881356,59
migu_lora,6,medical_vqa_rad,organ:HEAD,65.69479409479409,64.0,65.34444444444445,50
migu_lora,7,natural_vqav2,answer_type:number,82.6086956521739,82.6086956521739,82.6086956521739,23
migu_lora,7,natural_vqav2,answer_type:yes/no,92.0,92.0,92.0,75
migu_lora,7,natural_vqav2,answer_type:other,84.91285403050111,79.41176470588235,82.09617180205416,102
migu_lora,7,medical_vqa_rad,answer_type:CLOSED,65.93137254901961,65.44117647058823,65.93137254901961,136
migu_lora,7,medical_vqa_rad,answer_type:OPEN,22.42197039072039,12.5,21.192574786324787,64
migu_lora,7,medical_vqa_rad,organ:CHEST,51.14398422090729,45.05494505494506,50.997464074387146,91
migu_lora,7,medical_vqa_rad,organ:ABD,48.17036071273359,47.45762711864407,47.45762711864407,59
migu_lora,7,medical_vqa_rad,organ:HEAD,58.11037851037852,56.0,57.644444444444446,50
migu_lora,8,natural_vqav2,answer_type:number,86.95652173913044,86.95652173913044,86.95652173913044,23
migu_lora,8,natural_vqav2,answer_type:yes/no,92.0,92.0,92.0,75
migu_lora,8,natural_vqav2,answer_type:other,84.2203548085901,80.3921568627451,82.09150326797386,102
migu_lora,8,medical_vqa_rad,answer_type:CLOSED,57.1078431372549,56.61764705882353,57.1078431372549,136
migu_lora,8,medical_vqa_rad,answer_type:OPEN,20.759154040404038,10.9375,19.769570707070706,64
migu_lora,8,medical_vqa_rad,organ:CHEST,43.80619380619381,38.46153846153846,43.54978354978355,91
migu_lora,8,medical_vqa_rad,organ:ABD,47.45762711864407,47.45762711864407,47.45762711864407,59
migu_lora,8,medical_vqa_rad,organ:HEAD,46.17777777777778,42.0,45.37777777777777,50
migu_lora,9,natural_vqav2,answer_type:number,86.95652173913044,86.95652173913044,86.95652173913044,23
migu_lora,9,natural_vqav2,answer_type:yes/no,90.66666666666667,90.66666666666667,90.66666666666667,75
migu_lora,9,natural_vqav2,answer_type:other,83.16993464052288,79.41176470588235,81.11111111111111,102
migu_lora,9,medical_vqa_rad,answer_type:CLOSED,63.72549019607844,63.23529411764706,63.72549019607844,136
migu_lora,9,medical_vqa_rad,answer_type:OPEN,26.205010267510268,15.625,25.186237373737374,64
migu_lora,9,medical_vqa_rad,organ:CHEST,52.12121212121212,46.15384615384615,51.97469197469198,91
migu_lora,9,medical_vqa_rad,organ:ABD,45.76271186440678,45.76271186440678,45.76271186440678,59
migu_lora,9,medical_vqa_rad,organ:HEAD,58.015140415140415,54.0,56.977777777777774,50
olora,0,natural_vqav2,answer_type:number,86.95652173913044,86.95652173913044,86.95652173913044,23
olora,0,natural_vqav2,answer_type:yes/no,92.0,92.0,92.0,75
olora,0,natural_vqav2,answer_type:other,83.71262884238662,77.45098039215686,81.59663865546219,102
olora,0,medical_vqa_rad,answer_type:CLOSED,60.049019607843135,59.55882352941177,60.049019607843135,136
olora,0,medical_vqa_rad,answer_type:OPEN,18.28432494792789,7.8125,16.207264957264954,64
olora,0,medical_vqa_rad,organ:CHEST,47.073906485671195,40.65934065934066,46.221470836855445,91
olora,0,medical_vqa_rad,organ:ABD,38.49878934624697,37.28813559322034,37.85310734463276,59
olora,0,medical_vqa_rad,organ:HEAD,55.634188034188035,54.0,55.288888888888884,50
olora,1,natural_vqav2,answer_type:number,86.95652173913044,86.95652173913044,86.95652173913044,23
olora,1,natural_vqav2,answer_type:yes/no,92.0,92.0,92.0,75
olora,1,natural_vqav2,answer_type:other,82.13507625272332,76.47058823529412,79.31839402427639,102
olora,1,medical_vqa_rad,answer_type:CLOSED,62.99019607843137,62.5,62.99019607843137,136
olora,1,medical_vqa_rad,answer_type:OPEN,22.629563043165984,10.9375,20.217681623931625,64
olora,1,medical_vqa_rad,organ:CHEST,51.542770954535655,43.956043956043956,50.50718512256973,91
olora,1,medical_vqa_rad,organ:ABD,43.09927360774818,42.3728813559322,42.3728813559322,59
olora,1,medical_vqa_rad,organ:HEAD,55.634188034188035,54.0,55.288888888888884,50
olora,2,natural_vqav2,answer_type:number,86.95652173913044,86.95652173913044,86.95652173913044,23
olora,2,natural_vqav2,answer_type:yes/no,92.0,92.0,92.0,75
olora,2,natural_vqav2,answer_type:other,83.26719576719577,77.45098039215686,80.53221288515405,102
olora,2,medical_vqa_rad,answer_type:CLOSED,62.99019607843137,62.5,62.99019607843137,136
olora,2,medical_vqa_rad,answer_type:OPEN,22.097611442135435,10.9375,19.951923076923073,64
olora,2,medical_vqa_rad,organ:CHEST,48.783991272679046,41.75824175824176,47.90269559500329,91
olora,2,medical_vqa_rad,organ:ABD,43.09927360774818,42.3728813559322,42.3728813559322,59
olora,2,medical_vqa_rad,organ:HEAD,59.97426900584796,58.0,59.68888888888889,50
olora,3,natural_vqav2,answer_type:number,86.95652173913044,86.95652173913044,86.95652173913044,23
olora,3,natural_vqav2,answer_type:yes/no,92.0,92.0,92.0,75
olora,3,natural_vqav2,answer_type:other,83.59124695629887,77.45098039215686,80.90569561157797,102
olora,3,medical_vqa_rad,answer_type:CLOSED,61.51960784313725,61.029411764705884,61.51960784313725,136
olora,3,medical_vqa_rad,answer_type:OPEN,21.889191282573634,10.9375,19.56730769230769,64
olora,3,medical_vqa_rad,organ:CHEST,48.555757967522666,41.75824175824176,47.5645721799568,91
olora,3,medical_vqa_rad,organ:ABD,43.09927360774818,42.3728813559322,42.3728813559322,59
olora,3,medical_vqa_rad,organ:HEAD,56.122875816993464,54.0,55.81196581196581,50
olora,4,natural_vqav2,answer_type:number,86.95652173913044,86.95652173913044,86.95652173913044,23
olora,4,natural_vqav2,answer_type:yes/no,92.0,92.0,92.0,75
olora,4,natural_vqav2,answer_type:other,83.36056644880176,77.45098039215686,80.62558356676003,102
olora,4,medical_vqa_rad,answer_type:CLOSED,61.51960784313725,61.029411764705884,61.51960784313725,136
olora,4,medical_vqa_rad,answer_type:OPEN,22.329082273935217,10.9375,19.91720085470085,64
olora,4,medical_vqa_rad,organ:CHEST,49.1336416223294,41.75824175824176,48.098055790363475,91
olora,4,medical_vqa_rad,organ:ABD,43.09927360774818,42.3728813559322,42.3728813559322,59
olora,4,medical_vqa_rad,organ:HEAD,55.634188034188035,54.0,55.288888888888884,50
olora,5,natural_vqav2,answer_type:number,86.95652173913044,86.95652173913044,86.95652173913044,23
olora,5,natural_vqav2,answer_type:yes/no,90.66666666666667,90.66666666666667,90.66666666666667,75
olora,5,natural_vqav2,answer_type:other,84.91285403050111,79.41176470588235,82.09617180205416,102
olora,5,medical_vqa_rad,answer_type:CLOSED,61.51960784313725,61.029411764705884,61.51960784313725,136
olora,5,medical_vqa_rad,answer_type:OPEN,23.312538156288156,12.5,20.914797008547005,64
olora,5,medical_vqa_rad,organ:CHEST,46.528599605522686,39.56043956043956,45.50295857988166,91
olora,5,medical_vqa_rad,organ:ABD,44.79418886198547,44.067796610169495,44.067796610169495,59
olora,5,medical_vqa_rad,organ:HEAD,59.634188034188035,58.0,59.288888888888884,50
olora,6,natural_vqav2,answer_type:number,86.95652173913044,86.95652173913044,86.95652173913044,23
olora,6,natural_vqav2,answer_type:yes/no,90.66666666666667,90.66666666666667,90.66666666666667,75
olora,6,natural_vqav2,answer_type:other,83.60566448801744,78.43137254901961,80.62558356676004,102
olora,6,medical_vqa_rad,answer_type:CLOSED,61.51960784313725,61.029411764705884,61.51960784313725,136
olora,6,medical_vqa_rad,answer_type:OPEN,21.395375457875456,10.9375,19.126602564102562,64
olora,6,medical_vqa_rad,organ:CHEST,48.616511693434774,41.75824175824176,47.590870667793745,91
olora,6,medical_vqa_rad,organ:ABD,41.16222760290557,40.67796610169491,40.67796610169491,59
olora,6,medical_vqa_rad,organ:HEAD,57.66593406593407,56.0,57.2,50
olora,7,natural_vqav2,answer_type:number,86.95652173913044,86.95652173913044,86.95652173913044,23
olora,7,natural_vqav2,answer_type:yes/no,90.66666666666667,90.66666666666667,90.66666666666667,75
olora,7,natural_vqav2,answer_type:other,81.48148148148148,76.47058823529412,78.5014005602241,102
olora,7,medical_vqa_rad,answer_type:CLOSED,62.25490196078431,61.76470588235294,62.25490196078431,136
olora,7,medical_vqa_rad,answer_type:OPEN,24.52037545787546,14.0625,22.251602564102566,64
olora,7,medical_vqa_rad,organ:CHEST,51.91321499013806,45.05494505494506,50.88757396449704,91
olora,7,medical_vqa_rad,organ:ABD,42.857142857142854,42.3728813559322,42.3728813559322,59
olora,7,medical_vqa_rad,organ:HEAD,55.66593406593407,54.0,55.2,50
olora,8,natural_vqav2,answer_type:number,86.95652173913044,86.95652173913044,86.95652173913044,23
olora,8,natural_vqav2,answer_type:yes/no,92.0,92.0,92.0,75
olora,8,natural_vqav2,answer_type:other,83.16993464052288,79.41176470588235,81.11111111111111,102
olora,8,medical_vqa_rad,answer_type:CLOSED,58.57843137254902,58.088235294117645,58.57843137254902,136
olora,8,medical_vqa_rad,answer_type:OPEN,16.28472222222222,7.8125,15.451388888888888,64
olora,8,medical_vqa_rad,organ:CHEST,43.2967032967033,38.46153846153846,43.150183150183146,91
olora,8,medical_vqa_rad,organ:ABD,45.76271186440678,45.76271186440678,45.76271186440678,59
olora,8,medical_vqa_rad,organ:HEAD,47.37777777777777,44.0,46.577777777777776,50
olora,9,natural_vqav2,answer_type:number,86.95652173913044,86.95652173913044,86.95652173913044,23
olora,9,natural_vqav2,answer_type:yes/no,92.0,92.0,92.0,75
olora,9,natural_vqav2,answer_type:other,86.11111111111111,81.37254901960785,83.07189542483661,102
olora,9,medical_vqa_rad,answer_type:CLOSED,60.78431372549019,60.294117647058826,60.78431372549019,136
olora,9,medical_vqa_rad,answer_type:OPEN,29.20596764346765,15.625,27.229506604506607,64
olora,9,medical_vqa_rad,organ:CHEST,53.378416455339526,46.15384615384615,52.352775429698504,91
olora,9,medical_vqa_rad,organ:ABD,42.3728813559322,42.3728813559322,42.3728813559322,59
olora,9,medical_vqa_rad,organ:HEAD,55.568253968253956,50.0,54.905050505050504,50
sapt_lora,0,natural_vqav2,answer_type:number,86.95652173913044,86.95652173913044,86.95652173913044,23
sapt_lora,0,natural_vqav2,answer_type:other,83.71262884238662,77.45098039215686,81.59663865546219,102
sapt_lora,0,natural_vqav2,answer_type:yes/no,92.0,92.0,92.0,75
sapt_lora,0,medical_vqa_rad,answer_type:CLOSED,60.049019607843135,59.55882352941177,60.049019607843135,136
sapt_lora,0,medical_vqa_rad,answer_type:OPEN,18.28432494792789,7.8125,16.207264957264954,64
sapt_lora,0,medical_vqa_rad,organ:HEAD,55.634188034188035,54.0,55.288888888888884,50
sapt_lora,0,medical_vqa_rad,organ:CHEST,47.073906485671195,40.65934065934066,46.221470836855445,91
sapt_lora,0,medical_vqa_rad,organ:ABD,38.49878934624697,37.28813559322034,37.85310734463276,59
sapt_lora,1,natural_vqav2,answer_type:number,86.95652173913044,86.95652173913044,86.95652173913044,23
sapt_lora,1,natural_vqav2,answer_type:other,82.18409586056646,76.47058823529412,79.6451914098973,102
sapt_lora,1,natural_vqav2,answer_type:yes/no,92.0,92.0,92.0,75
sapt_lora,1,medical_vqa_rad,answer_type:CLOSED,61.51960784313725,61.029411764705884,61.51960784313725,136
sapt_lora,1,medical_vqa_rad,answer_type:OPEN,20.569903952256894,9.375,18.377403846153843,64
sapt_lora,1,medical_vqa_rad,organ:HEAD,55.634188034188035,54.0,55.288888888888884,50
sapt_lora,1,medical_vqa_rad,organ:CHEST,48.995318407083104,41.75824175824176,48.114022729407345,91
sapt_lora,1,medical_vqa_rad,organ:ABD,41.404358353510894,40.67796610169491,40.67796610169491,59
sapt_lora,2,natural_vqav2,answer_type:number,86.95652173913044,86.95652173913044,86.95652173913044,23
sapt_lora,2,natural_vqav2,answer_type:other,82.18409586056646,76.47058823529412,79.6451914098973,102
sapt_lora,2,natural_vqav2,answer_type:yes/no,92.0,92.0,92.0,75
sapt_lora,2,medical_vqa_rad,answer_type:CLOSED,60.78431372549019,60.294117647058826,60.78431372549019,136
sapt_lora,2,medical_vqa_rad,answer_type:OPEN,20.569903952256894,9.375,18.377403846153843,64
sapt_lora,2,medical_vqa_rad,organ:HEAD,55.634188034188035,54.0,55.288888888888884,50
sapt_lora,2,medical_vqa_rad,organ:CHEST,47.89641730818201,40.65934065934066,47.01512163050624,91
sapt_lora,2,medical_vqa_rad,organ:ABD,41.404358353510894,40.67796610169491,40.67796610169491,59
sapt_lora,3,natural_vqav2,answer_type:number,86.95652173913044,86.95652173913044,86.95652173913044,23
sapt_lora,3,natural_vqav2,answer_type:other,82.18409586056646,76.47058823529412,79.6451914098973,102
sapt_lora,3,natural_vqav2,answer_type:yes/no,92.0,92.0,92.0,75
sapt_lora,3,medical_vqa_rad,answer_type:CLOSED,62.25490196078431,61.76470588235294,62.25490196078431,136
sapt_lora,3,medical_vqa_rad,answer_type:OPEN,20.569903952256894,9.375,18.377403846153843,64
sapt_lora,3,medical_vqa_rad,organ:HEAD,55.634188034188035,54.0,55.288888888888884,50
sapt_lora,3,medical_vqa_rad,organ:CHEST,50.094219505984206,42.857142857142854,49.21292382830844,91
sapt_lora,3,medical_vqa_rad,organ:ABD,41.404358353510894,40.67796610169491,40.67796610169491,59
sapt_lora,4,natural_vqav2,answer_type:number,86.95652173913044,86.95652173913044,86.95652173913044,23
sapt_lora,4,natural_vqav2,answer_type:other,82.18409586056646,76.47058823529412,79.6451914098973,102
sapt_lora,4,natural_vqav2,answer_type:yes/no,92.0,92.0,92.0,75
sapt_lora,4,medical_vqa_rad,answer_type:CLOSED,62.25490196078431,61.76470588235294,62.25490196078431,136
sapt_lora,4,medical_vqa_rad,answer_type:OPEN,20.569903952256894,9.375,18.377403846153843,64
sapt_lora,4,medical_vqa_rad,organ:HEAD,55.634188034188035,54.0,55.288888888888884,50
sapt_lora,4,medical_vqa_rad,organ:CHEST,50.094219505984206,42.857142857142854,49.21292382830844,91
sapt_lora,4,medical_vqa_rad,organ:ABD,41.404358353510894,40.67796610169491,40.67796610169491,59
sapt_lora,5,natural_vqav2,answer_type:number,86.95652173913044,86.95652173913044,86.95652173913044,23
sapt_lora,5,natural_vqav2,answer_type:other,82.18409586056646,76.47058823529412,79.6451914098973,102
sapt_lora,5,natural_vqav2,answer_type:yes/no,92.0,92.0,92.0,75
sapt_lora,5,medical_vqa_rad,answer_type:CLOSED,61.51960784313725,61.029411764705884,61.51960784313725,136
sapt_lora,5,medical_vqa_rad,answer_type:OPEN,20.569903952256894,9.375,18.377403846153843,64
sapt_lora,5,medical_vqa_rad,organ:HEAD,55.634188034188035,54.0,55.288888888888884,50
sapt_lora,5,medical_vqa_rad,organ:CHEST,48.995318407083104,41.75824175824176,48.114022729407345,91
sapt_lora,5,medical_vqa_rad,organ:ABD,41.404358353510894,40.67796610169491,40.67796610169491,59
sapt_lora,6,natural_vqav2,answer_type:number,86.95652173913044,86.95652173913044,86.95652173913044,23
sapt_lora,6,natural_vqav2,answer_type:other,82.18409586056646,76.47058823529412,79.6451914098973,102
sapt_lora,6,natural_vqav2,answer_type:yes/no,92.0,92.0,92.0,75
sapt_lora,6,medical_vqa_rad,answer_type:CLOSED,62.25490196078431,61.76470588235294,62.25490196078431,136
sapt_lora,6,medical_vqa_rad,answer_type:OPEN,20.569903952256894,9.375,18.377403846153843,64
sapt_lora,6,medical_vqa_rad,organ:HEAD,55.634188034188035,54.0,55.288888888888884,50
sapt_lora,6,medical_vqa_rad,organ:CHEST,48.995318407083104,41.75824175824176,48.114022729407345,91
sapt_lora,6,medical_vqa_rad,organ:ABD,43.09927360774818,42.3728813559322,42.3728813559322,59
sapt_lora,7,natural_vqav2,answer_type:number,86.95652173913044,86.95652173913044,86.95652173913044,23
sapt_lora,7,natural_vqav2,answer_type:other,82.18409586056646,76.47058823529412,79.6451914098973,102
sapt_lora,7,natural_vqav2,answer_type:yes/no,92.0,92.0,92.0,75
sapt_lora,7,medical_vqa_rad,answer_type:CLOSED,61.51960784313725,61.029411764705884,61.51960784313725,136
sapt_lora,7,medical_vqa_rad,answer_type:OPEN,20.569903952256894,9.375,18.377403846153843,64
sapt_lora,7,medical_vqa_rad,organ:HEAD,55.634188034188035,54.0,55.288888888888884,50
sapt_lora,7,medical_vqa_rad,organ:CHEST,48.995318407083104,41.75824175824176,48.114022729407345,91
sapt_lora,7,medical_vqa_rad,organ:ABD,41.404358353510894,40.67796610169491,40.67796610169491,59
sapt_lora,8,natural_vqav2,answer_type:number,86.95652173913044,86.95652173913044,86.95652173913044,23
sapt_lora,8,natural_vqav2,answer_type:other,82.18409586056646,76.47058823529412,79.6451914098973,102
sapt_lora,8,natural_vqav2,answer_type:yes/no,92.0,92.0,92.0,75
sapt_lora,8,medical_vqa_rad,answer_type:CLOSED,61.51960784313725,61.029411764705884,61.51960784313725,136
sapt_lora,8,medical_vqa_rad,answer_type:OPEN,22.132403952256894,10.9375,19.939903846153843,64
sapt_lora,8,medical_vqa_rad,organ:HEAD,57.634188034188035,56.0,57.288888888888884,50
sapt_lora,8,medical_vqa_rad,organ:CHEST,48.995318407083104,41.75824175824176,48.114022729407345,91
sapt_lora,8,medical_vqa_rad,organ:ABD,41.404358353510894,40.67796610169491,40.67796610169491,59
sapt_lora,9,natural_vqav2,answer_type:number,86.95652173913044,86.95652173913044,86.95652173913044,23
sapt_lora,9,natural_vqav2,answer_type:other,82.18409586056646,76.47058823529412,79.6451914098973,102
sapt_lora,9,natural_vqav2,answer_type:yes/no,92.0,92.0,92.0,75
sapt_lora,9,medical_vqa_rad,answer_type:CLOSED,62.25490196078431,61.76470588235294,62.25490196078431,136
sapt_lora,9,medical_vqa_rad,answer_type:OPEN,22.132403952256894,10.9375,19.939903846153843,64
sapt_lora,9,medical_vqa_rad,organ:HEAD,57.634188034188035,56.0,57.288888888888884,50
sapt_lora,9,medical_vqa_rad,organ:CHEST,48.995318407083104,41.75824175824176,48.114022729407345,91
sapt_lora,9,medical_vqa_rad,organ:ABD,43.09927360774818,42.3728813559322,42.3728813559322,59
