method,domain,task_count,rougeL,exact_match,token_f1
seq_lora,通用语言,5,48.523810387705346,23.0,48.45115771970218
seq_lora,医学语言,2,28.28582440397136,3.75,27.981158594559922
seq_lora,自然图像,1,86.66666666666666,84.5,85.61666666666666
seq_lora,医学图像,1,53.33560328560329,49.5,53.00959595959596
migu_lora,通用语言,5,42.788043392603015,14.2,42.87478230144972
migu_lora,医学语言,2,21.79923185617292,1.5,21.094549649635802
migu_lora,自然图像,1,86.41666666666666,84.5,85.36666666666666
migu_lora,医学图像,1,51.71893661893662,48.0,51.392929292929296
olora,通用语言,5,47.80239826747196,21.8,47.42304504814793
olora,医学语言,2,23.521801027815293,2.5,23.029236012958005
olora,自然图像,1,88.41666666666666,86.0,86.86666666666666
olora,医学图像,1,50.67924297924297,46.0,50.04677544677545
sapt_lora,通用语言,5,43.278193057695816,21.2,42.48696440276548
sapt_lora,医学语言,2,14.002262652676462,0.0,16.400953531204372
sapt_lora,自然图像,1,86.41388888888889,83.5,85.11904761904763
sapt_lora,医学图像,1,49.41570259805554,45.5,48.71410256410257
