method,stage,general_accuracy,medical_accuracy,macro_accuracy
seq_lora,0,53.92156862745098,56.25,54.166666666666664
seq_lora,1,51.96078431372549,58.333333333333336,52.63157894736842
seq_lora,2,53.92156862745098,57.291666666666664,54.276315789473685
seq_lora,3,53.92156862745098,57.291666666666664,54.276315789473685
seq_lora,4,52.94117647058823,57.291666666666664,53.39912280701754
seq_lora,5,50.98039215686274,58.333333333333336,51.75438596491228
seq_lora,6,52.94117647058823,57.291666666666664,53.39912280701754
seq_lora,7,53.92156862745098,59.375,54.49561403508772
seq_lora,8,52.94117647058823,59.375,53.61842105263158
seq_lora,9,54.90196078431372,59.375,55.37280701754386
migu_lora,0,53.92156862745098,56.25,54.166666666666664
migu_lora,1,50.98039215686274,58.333333333333336,51.75438596491228
migu_lora,2,50.98039215686274,57.291666666666664,51.64473684210526
migu_lora,3,50.0,57.291666666666664,50.76754385964912
migu_lora,4,50.98039215686274,57.291666666666664,51.64473684210526
migu_lora,5,51.96078431372549,57.291666666666664,52.521929824561404
migu_lora,6,50.0,58.333333333333336,50.87719298245614
migu_lora,7,50.0,58.333333333333336,50.87719298245614
migu_lora,8,50.0,58.333333333333336,50.87719298245614
migu_lora,9,50.98039215686274,58.333333333333336,51.75438596491228
olora,0,53.92156862745098,56.25,54.166666666666664
olora,1,50.98039215686274,58.333333333333336,51.75438596491228
olora,2,50.98039215686274,57.291666666666664,51.64473684210526
olora,3,50.98039215686274,57.291666666666664,51.64473684210526
olora,4,51.96078431372549,58.333333333333336,52.63157894736842
olora,5,51.96078431372549,56.25,52.41228070175438
olora,6,51.96078431372549,56.25,52.41228070175438
olora,7,51.96078431372549,56.25,52.41228070175438
olora,8,51.96078431372549,56.25,52.41228070175438
olora,9,51.96078431372549,56.25,52.41228070175438
sapt_lora,0,53.92156862745098,56.25,54.166666666666664
sapt_lora,1,50.98039215686274,58.333333333333336,51.75438596491228
sapt_lora,2,50.98039215686274,58.333333333333336,51.75438596491228
sapt_lora,3,51.96078431372549,57.291666666666664,52.521929824561404
sapt_lora,4,50.98039215686274,58.333333333333336,51.75438596491228
sapt_lora,5,50.98039215686274,57.291666666666664,51.64473684210526
sapt_lora,6,50.98039215686274,58.333333333333336,51.75438596491228
sapt_lora,7,50.98039215686274,57.291666666666664,51.64473684210526
sapt_lora,8,50.98039215686274,57.291666666666664,51.64473684210526
sapt_lora,9,50.98039215686274,57.291666666666664,51.64473684210526
