method,stage,group,count,lost_base_correct,gained_base_wrong,base_correct,base_correct_retained_percent,accuracy_change_vs_base,lost_previous_correct,gained_previous_wrong
seq_lora,0,general,102,0,0,55,100.0,0.0,,
seq_lora,0,medical,96,0,0,54,100.0,0.0,,
seq_lora,1,general,102,4,2,55,92.72727272727273,-1.9607843137254901,4,2
seq_lora,1,medical,96,1,3,54,98.14814814814815,2.0833333333333335,1,3
seq_lora,2,general,102,4,4,55,92.72727272727273,0.0,1,3
seq_lora,2,medical,96,1,2,54,98.14814814814815,1.0416666666666667,2,1
seq_lora,3,general,102,5,5,55,90.9090909090909,0.0,2,2
seq_lora,3,medical,96,1,2,54,98.14814814814815,1.0416666666666667,0,0
seq_lora,4,general,102,6,5,55,89.0909090909091,-0.9803921568627451,2,1
seq_lora,4,medical,96,1,2,54,98.14814814814815,1.0416666666666667,1,1
seq_lora,5,general,102,7,4,55,87.27272727272727,-2.9411764705882355,2,0
seq_lora,5,medical,96,1,3,54,98.14814814814815,2.0833333333333335,0,1
seq_lora,6,general,102,6,5,55,89.0909090909091,-0.9803921568627451,0,2
seq_lora,6,medical,96,1,2,54,98.14814814814815,1.0416666666666667,2,1
seq_lora,7,general,102,7,7,55,87.27272727272727,0.0,1,2
seq_lora,7,medical,96,1,4,54,98.14814814814815,3.125,0,2
seq_lora,8,general,102,7,6,55,87.27272727272727,-0.9803921568627451,3,2
seq_lora,8,medical,96,1,4,54,98.14814814814815,3.125,0,0
seq_lora,9,general,102,6,7,55,89.0909090909091,0.9803921568627451,2,4
seq_lora,9,medical,96,1,4,54,98.14814814814815,3.125,1,1
migu_lora,0,general,102,0,0,55,100.0,0.0,,
migu_lora,0,medical,96,0,0,54,100.0,0.0,,
migu_lora,1,general,102,5,2,55,90.9090909090909,-2.9411764705882355,5,2
migu_lora,1,medical,96,1,3,54,98.14814814814815,2.0833333333333335,1,3
migu_lora,2,general,102,5,2,55,90.9090909090909,-2.9411764705882355,0,0
migu_lora,2,medical,96,1,2,54,98.14814814814815,1.0416666666666667,1,0
migu_lora,3,general,102,5,1,55,90.9090909090909,-3.9215686274509802,1,0
migu_lora,3,medical,96,1,2,54,98.14814814814815,1.0416666666666667,0,0
migu_lora,4,general,102,6,3,55,89.0909090909091,-2.9411764705882355,1,2
migu_lora,4,medical,96,1,2,54,98.14814814814815,1.0416666666666667,0,0
migu_lora,5,general,102,6,4,55,89.0909090909091,-1.9607843137254901,1,2
migu_lora,5,medical,96,1,2,54,98.14814814814815,1.0416666666666667,0,0
migu_lora,6,general,102,8,4,55,85.45454545454545,-3.9215686274509802,2,0
migu_lora,6,medical,96,1,3,54,98.14814814814815,2.0833333333333335,0,1
migu_lora,7,general,102,8,4,55,85.45454545454545,-3.9215686274509802,0,0
migu_lora,7,medical,96,1,3,54,98.14814814814815,2.0833333333333335,0,0
migu_lora,8,general,102,8,4,55,85.45454545454545,-3.9215686274509802,0,0
migu_lora,8,medical,96,1,3,54,98.14814814814815,2.0833333333333335,0,0
migu_lora,9,general,102,7,4,55,87.27272727272727,-2.9411764705882355,0,1
migu_lora,9,medical,96,1,3,54,98.14814814814815,2.0833333333333335,0,0
olora,0,general,102,0,0,55,100.0,0.0,,
olora,0,medical,96,0,0,54,100.0,0.0,,
olora,1,general,102,5,2,55,90.9090909090909,-2.9411764705882355,5,2
olora,1,medical,96,1,3,54,98.14814814814815,2.0833333333333335,1,3
olora,2,general,102,5,2,55,90.9090909090909,-2.9411764705882355,0,0
olora,2,medical,96,1,2,54,98.14814814814815,1.0416666666666667,2,1
olora,3,general,102,5,2,55,90.9090909090909,-2.9411764705882355,1,1
olora,3,medical,96,1,2,54,98.14814814814815,1.0416666666666667,0,0
olora,4,general,102,5,3,55,90.9090909090909,-1.9607843137254901,0,1
olora,4,medical,96,1,3,54,98.14814814814815,2.0833333333333335,0,1
olora,5,general,102,5,3,55,90.9090909090909,-1.9607843137254901,1,1
olora,5,medical,96,1,1,54,98.14814814814815,0.0,2,0
olora,6,general,102,6,4,55,89.0909090909091,-1.9607843137254901,1,1
olora,6,medical,96,1,1,54,98.14814814814815,0.0,0,0
olora,7,general,102,6,4,55,89.0909090909091,-1.9607843137254901,0,0
olora,7,medical,96,1,1,54,98.14814814814815,0.0,0,0
olora,8,general,102,6,4,55,89.0909090909091,-1.9607843137254901,0,0
olora,8,medical,96,1,1,54,98.14814814814815,0.0,0,0
olora,9,general,102,6,4,55,89.0909090909091,-1.9607843137254901,0,0
olora,9,medical,96,1,1,54,98.14814814814815,0.0,0,0
sapt_lora,0,general,102,0,0,55,100.0,0.0,,
sapt_lora,0,medical,96,0,0,54,100.0,0.0,,
sapt_lora,1,general,102,5,2,55,90.9090909090909,-2.9411764705882355,5,2
sapt_lora,1,medical,96,0,2,54,100.0,2.0833333333333335,0,2
sapt_lora,2,general,102,5,2,55,90.9090909090909,-2.9411764705882355,0,0
sapt_lora,2,medical,96,0,2,54,100.0,2.0833333333333335,0,0
sapt_lora,3,general,102,4,2,55,92.72727272727273,-1.9607843137254901,0,1
sapt_lora,3,medical,96,1,2,54,98.14814814814815,1.0416666666666667,1,0
sapt_lora,4,general,102,5,2,55,90.9090909090909,-2.9411764705882355,1,0
sapt_lora,4,medical,96,0,2,54,100.0,2.0833333333333335,0,1
sapt_lora,5,general,102,5,2,55,90.9090909090909,-2.9411764705882355,0,0
sapt_lora,5,medical,96,1,2,54,98.14814814814815,1.0416666666666667,1,0
sapt_lora,6,general,102,5,2,55,90.9090909090909,-2.9411764705882355,0,0
sapt_lora,6,medical,96,0,2,54,100.0,2.0833333333333335,0,1
sapt_lora,7,general,102,5,2,55,90.9090909090909,-2.9411764705882355,0,0
sapt_lora,7,medical,96,1,2,54,98.14814814814815,1.0416666666666667,1,0
sapt_lora,8,general,102,5,2,55,90.9090909090909,-2.9411764705882355,0,0
sapt_lora,8,medical,96,1,2,54,98.14814814814815,1.0416666666666667,0,0
sapt_lora,9,general,102,5,2,55,90.9090909090909,-2.9411764705882355,0,0
sapt_lora,9,medical,96,1,2,54,98.14814814814815,1.0416666666666667,0,0
