method,task,count,before_EM_correct,learned_EM_correct,final_EM_correct,newly_correct,newly_wrong,newly_correct_retained,newly_correct_retention_percent,EM_net_gain_points
seq_lora,task1290_xsum_summarization,200,0,0,0,0,0,0,,0.0
seq_lora,task002_quoref_answer_generation,200,89,114,101,29,4,15,51.724137931034484,12.5
seq_lora,task1510_evalution_relation_extraction,200,0,191,125,191,0,125,65.44502617801047,95.5
seq_lora,task1729_personachat_generate_next,200,0,0,0,0,0,0,,0.0
seq_lora,task748_glucose_reverse_cause_event_detection,200,0,5,4,5,0,2,40.0,2.5
seq_lora,medical_mts_dialog_note,200,0,6,2,6,0,2,33.333333333333336,3.0
seq_lora,medical_iu_xray_impression,200,0,14,13,14,0,11,78.57142857142857,7.0
seq_lora,natural_vqav2,200,171,174,169,7,4,5,71.42857142857143,1.5
seq_lora,medical_vqa_rad,200,92,99,99,26,19,26,100.0,3.5
migu_lora,task1290_xsum_summarization,200,0,0,0,0,0,0,,0.0
migu_lora,task002_quoref_answer_generation,200,88,100,88,20,8,11,55.0,6.0
migu_lora,task1510_evalution_relation_extraction,200,0,112,51,112,0,38,33.92857142857143,56.0
migu_lora,task1729_personachat_generate_next,200,0,0,0,0,0,0,,0.0
migu_lora,task748_glucose_reverse_cause_event_detection,200,0,2,3,2,0,1,50.0,1.0
migu_lora,medical_mts_dialog_note,200,0,4,1,4,0,1,25.0,2.0
migu_lora,medical_iu_xray_impression,200,0,7,5,7,0,5,71.42857142857143,3.5
migu_lora,natural_vqav2,200,169,171,169,5,3,5,100.0,1.0
migu_lora,medical_vqa_rad,200,84,96,96,21,9,21,100.0,6.0
olora,task1290_xsum_summarization,200,0,0,0,0,0,0,,0.0
olora,task002_quoref_answer_generation,200,88,99,100,17,6,15,88.23529411764706,5.5
olora,task1510_evalution_relation_extraction,200,0,126,115,126,0,108,85.71428571428571,63.0
olora,task1729_personachat_generate_next,200,0,0,0,0,0,0,,0.0
olora,task748_glucose_reverse_cause_event_detection,200,0,3,3,3,0,2,66.66666666666667,1.5
olora,medical_mts_dialog_note,200,0,3,3,3,0,3,100.0,1.5
olora,medical_iu_xray_impression,200,0,7,7,7,0,7,100.0,3.5
olora,natural_vqav2,200,166,170,172,6,2,6,100.0,2.0
olora,medical_vqa_rad,200,84,92,92,22,14,22,100.0,4.0
sapt_lora,task1290_xsum_summarization,200,0,0,0,0,0,0,,0.0
sapt_lora,task002_quoref_answer_generation,200,91,91,91,0,0,0,,0.0
sapt_lora,task1510_evalution_relation_extraction,200,0,122,121,122,0,120,98.36065573770492,61.0
sapt_lora,task1729_personachat_generate_next,200,0,0,0,0,0,0,,0.0
sapt_lora,task748_glucose_reverse_cause_event_detection,200,0,0,0,0,0,0,,0.0
sapt_lora,medical_mts_dialog_note,200,0,0,0,0,0,0,,0.0
sapt_lora,medical_iu_xray_impression,200,0,0,0,0,0,0,,0.0
sapt_lora,natural_vqav2,200,167,167,167,0,0,0,,0.0
sapt_lora,medical_vqa_rad,200,90,91,91,1,0,1,100.0,0.5
