method,stage,all_fixed_mean,all_delta_base,seen_mean,old_fixed_shock,new_task_gain,future_delta_base,old_bwt,seen_mean_transition,stage_forgetting
seq_lora,0,36.32025525789256,0.0,,,,0.0,,,
seq_lora,1,36.22365912169829,-0.09659613619426761,24.844775768725718,,8.770919651790248,-1.205035609692332,,,
seq_lora,2,36.11130062899029,-0.20895462890226982,43.14994582769182,-0.11609623455419538,8.77539682539684,-3.4372719462710952,-0.11609623455419538,18.305170058966105,0.11609623455419538
seq_lora,3,44.52312538967513,8.20287013178257,61.350458751270004,-0.3117577007868082,78.19166666666665,0.6412773879115296,-0.3698058180639059,18.20051292357818,0.3698058180639059
seq_lora,4,43.12554684643091,6.8052915885383465,48.24825427780077,-2.6579697414832957,3.4168144921601,-1.1436590565429452,-2.9045069535258996,-13.102204473469236,2.9045069535258996
seq_lora,5,46.51062110268529,10.190365844792723,51.141766613302536,-0.17550188483400664,26.927691355475382,0.055855416494784205,-2.3538820999784313,2.893512335501768,2.3538820999784313
seq_lora,6,47.908587410640436,11.588332152747874,46.17699844598653,0.25348138923340713,8.077241746583738,3.293031854865095,-1.629624290749338,-4.964768167316009,1.629624290749338
seq_lora,7,49.7203807771059,13.40012551921335,44.08860574010948,-1.841710374543527,29.765254804302685,2.492714393449667,-3.199730616834642,-2.088392705877048,3.20054970515373
seq_lora,8,48.90697735002377,12.586722092131211,48.92937729655453,-0.8768003943873135,1.8690476190476346,2.0434604611075144,-3.619426637388435,4.840771556445048,3.620128713090511
seq_lora,9,48.799218966526595,12.47896370863404,48.799218966526595,-0.6972063699125057,4.607825507825517,,-3.8642046776273866,-0.13015833002793187,3.890449525193698
migu_lora,0,36.32025525789256,0.0,,,,0.0,,,
migu_lora,1,36.08622016888566,-0.2340350890069042,24.889405714579915,,8.815549597644445,-1.3652331748383228,,,
migu_lora,2,36.272926311458846,-0.04732894643371546,40.60869487932149,-0.6040949880159658,4.63626373626375,-2.503395797848573,-0.6040949880159658,15.719289164741575,0.6040949880159658
migu_lora,3,43.01916981261876,6.698914554726203,55.07637750730887,-0.4036524278819513,58.61190476190468,1.5223846443075428,-0.7056999218899342,14.46768262798738,0.7056999218899342
migu_lora,4,42.29836911029877,5.9781138524062065,45.32788285983311,-0.02823059693580395,0.6754324419235864,-0.29628184720667045,-0.49869721152909346,-9.74849464747576,0.49869721152909346
migu_lora,5,45.398430014480226,9.078174756587666,48.573623652108914,0.7635220353388927,20.536714971429248,0.7636041695254292,0.38949912669207265,3.2457407922758037,-0.12223722193017039
migu_lora,6,45.06620282363991,8.745947565747365,42.4606991534846,-1.4658246826293926,3.2676334272754346,2.1984766788673973,-1.1542253812757344,-6.1129244986243165,1.6103660456461264
migu_lora,7,44.76167447126112,8.441419213368558,37.6487358324901,-3.9793338899514197,23.018714701765788,2.718080693815974,-4.941188374347864,-4.811963320994501,5.321305594656525
migu_lora,8,43.80355484630703,7.483299588414464,43.59446637381258,-0.3196858270444327,0.14682539682540607,-1.2080546904076286,-4.554990147914031,5.945730541322483,4.880804908178597
migu_lora,9,43.96380932899602,7.643554071103456,43.96380932899602,-0.600047956059131,6.242673992673986,,-4.585664335483909,0.3693429551834413,4.8707522507154035
olora,0,36.32025525789256,0.0,,,,0.0,,,
olora,1,36.13020819639585,-0.1900470614967157,24.91889444851759,,8.84503833158212,-1.3194327356315703,,,
olora,2,36.672305721987755,0.3520504640951903,40.83087775084486,-0.11962090930983749,4.566666666666691,-2.053388804746658,-0.11962090930983749,15.911983302327272,0.11962090930983749
olora,3,43.03884862432431,6.718593366431742,56.441534118524345,0.28678056979883415,56.49166666666659,0.8693245562581161,0.2269701151439154,15.610656367679482,-0.2269701151439154
olora,4,42.564968658194395,6.244713400301833,45.76090075084407,-0.9053874918055023,1.3725686378443989,-0.16281697380331045,-0.7540740817095587,-10.680633367680272,0.9053874918055023
olora,5,45.44779605452213,9.127540796629571,48.69445075582342,0.6135535213255512,20.96408387087677,0.7236438799765978,0.04799796004338219,2.9335500049793453,0.06548709752857551
olora,6,44.95905454911815,8.63879929122559,43.12156557772662,-0.7015764179680712,0.506199584321557,0.5552990068180345,-0.6631780499333655,-5.572885178096797,0.8988378908627244
olora,7,46.52327107128018,10.20301581338762,40.424861515158945,-0.87556432836924,18.91466800300706,0.9288255045607805,-1.4282127033137113,-2.696704062567676,1.6843515365781683
olora,8,46.07164359574692,9.751388337854358,46.200043489659734,-0.0414784793573474,1.3611111111111143,-1.6398728722258156,-1.2656607964833857,5.775181974500789,1.4852083678529202
olora,9,47.239055893211116,10.918800635318554,47.239055893211116,0.6089890177974024,5.634798534798527,,-0.49846417912555996,1.0390124035513821,0.7359370496071218
sapt_lora,0,36.32025525789256,0.0,,,,0.0,,,
sapt_lora,1,36.12903193712179,-0.1912233207707686,24.652579666997646,,8.578723550062175,-1.2874666796248866,,,
sapt_lora,2,36.07331707336108,-0.24693818453148353,39.060857782208444,-0.02390162061826473,0.0,-2.317797076227691,-0.02390162061826473,14.408278115210798,0.02390162061826473
sapt_lora,3,42.281945794662604,5.961690536770039,54.88602144095404,-0.023492287444016213,53.96428571428563,0.5117266505507155,-0.03544309775314858,15.825163658745595,0.03544309775314858
sapt_lora,4,42.213562895693926,5.8933076378013665,44.87103861843185,0.056354644760983064,0.040211027773620955,-0.08345764037437817,0.03272591292555068,-10.014982822522192,0.02697868857235027
sapt_lora,5,42.12279802114368,5.802542763251118,43.247774451012056,-0.09742113202560176,0.09795572299319844,0.05074368588927669,-0.07287669733143876,-1.6232641674197907,0.15932181512153232
sapt_lora,6,42.17013476800192,5.8498795101093615,39.04118873265691,-0.028143070002058578,0.04407670899078653,0.34929335360878494,-0.08644442786720959,-4.206585718355143,0.17282249006267136
sapt_lora,7,42.11332699320549,5.793071735312929,34.88433592170071,-0.00186996706374624,-5.0170785424796804e-05,0.475916730328489,-0.07390699028642089,-4.156852810956202,0.14588870878263904
sapt_lora,8,42.19258137641581,5.8723261185232465,41.35219122371085,0.030469921270409372,0.0,2.231385281385279,-0.03287892754652282,6.467855302010136,0.0945775434004241
sapt_lora,9,42.24723134230849,5.926976084415929,42.24723134230849,-0.0010187883707324374,0.5,,-0.029787849973939906,0.8950401185976418,0.08377413884610352
