method,stage,learned_task,domain,evaluated_task,task_name,rougeL,exact_match,token_f1,count
seq_lora,0,base,通用语言,task1290_xsum_summarization,新闻摘要（XSum）,16.07385611693547,0.0,17.098909307990905,200
seq_lora,0,base,通用语言,task002_quoref_answer_generation,阅读理解（Quoref）,48.04572357467094,42.0,48.53435424224898,200
seq_lora,0,base,通用语言,task1510_evalution_relation_extraction,关系抽取,49.95362970362964,0.0,54.4469696969696,200
seq_lora,0,base,通用语言,task1729_personachat_generate_next,对话续写（PersonaChat）,11.953888136407185,0.0,10.031009867652372,200
seq_lora,0,base,通用语言,task748_glucose_reverse_cause_event_detection,因果推理（GLUCOSE）,38.19186459771409,0.0,34.412412780585235,200
seq_lora,0,base,医学语言,medical_mts_dialog_note,医患对话转临床记录（MTS-Dialog）,18.42713473642623,0.0,22.264174885885005,200
seq_lora,0,base,医学语言,medical_iu_xray_impression,影像 Findings 转 Impression（IU-Xray）,10.358442428962059,0.0,12.327698168705282,200
seq_lora,0,base,自然图像,natural_vqav2,自然图像问答（VQAv2）,87.19344070961719,84.0,86.1142857142857,200
seq_lora,0,base,医学图像,medical_vqa_rad,医学图像问答（VQA-RAD）,46.68431731667026,43.0,46.019658119658125,200
seq_lora,1,task1290_xsum_summarization,通用语言,task1290_xsum_summarization,新闻摘要（XSum）,24.844775768725718,0.0,27.225566645710856,200
seq_lora,1,task1290_xsum_summarization,通用语言,task002_quoref_answer_generation,阅读理解（Quoref）,52.79581529581528,44.5,52.839430014430015,200
seq_lora,1,task1290_xsum_summarization,通用语言,task1510_evalution_relation_extraction,关系抽取,31.15,0.0,38.202380952380956,200
seq_lora,1,task1290_xsum_summarization,通用语言,task1729_personachat_generate_next,对话续写（PersonaChat）,14.610460779146104,0.0,11.640363960981812,200
seq_lora,1,task1290_xsum_summarization,通用语言,task748_glucose_reverse_cause_event_detection,因果推理（GLUCOSE）,37.68483238587118,0.0,34.229244387934905,200
seq_lora,1,task1290_xsum_summarization,医学语言,medical_mts_dialog_note,医患对话转临床记录（MTS-Dialog）,17.931774023189888,0.0,20.480831710652716,200
seq_lora,1,task1290_xsum_summarization,医学语言,medical_iu_xray_impression,影像 Findings 转 Impression（IU-Xray）,10.031591446501139,0.0,12.180689172808137,200
seq_lora,1,task1290_xsum_summarization,自然图像,natural_vqav2,自然图像问答（VQAv2）,86.38888888888889,83.5,84.95238095238095,200
seq_lora,1,task1290_xsum_summarization,医学图像,medical_vqa_rad,医学图像问答（VQA-RAD）,50.57479350714645,46.5,49.80299145299145,200
seq_lora,2,task002_quoref_answer_generation,通用语言,task1290_xsum_summarization,新闻摘要（XSum）,24.728679534171523,0.0,26.501518699558666,200
seq_lora,2,task002_quoref_answer_generation,通用语言,task002_quoref_answer_generation,阅读理解（Quoref）,61.57121212121212,57.0,61.51601731601731,200
seq_lora,2,task002_quoref_answer_generation,通用语言,task1510_evalution_relation_extraction,关系抽取,20.183333333333334,0.0,26.7,200
seq_lora,2,task002_quoref_answer_generation,通用语言,task1729_personachat_generate_next,对话续写（PersonaChat）,15.402328400229694,0.0,11.660744443645578,200
seq_lora,2,task002_quoref_answer_generation,通用语言,task748_glucose_reverse_cause_event_detection,因果推理（GLUCOSE）,35.85894116401669,0.0,31.311978783613018,200
seq_lora,2,task002_quoref_answer_generation,医学语言,medical_mts_dialog_note,医患对话转临床记录（MTS-Dialog）,19.350582396234888,0.0,22.836200544969014,200
seq_lora,2,task002_quoref_answer_generation,医学语言,medical_iu_xray_impression,影像 Findings 转 Impression（IU-Xray）,10.092526147611817,0.0,12.231722886161549,200
seq_lora,2,task002_quoref_answer_generation,自然图像,natural_vqav2,自然图像问答（VQAv2）,86.34126984126983,83.5,84.90476190476191,200
seq_lora,2,task002_quoref_answer_generation,医学图像,medical_vqa_rad,医学图像问答（VQA-RAD）,51.47283272283273,47.5,50.705555555555556,200
seq_lora,3,task1510_evalution_relation_extraction,通用语言,task1290_xsum_summarization,新闻摘要（XSum）,24.205164132597908,0.0,26.060135094992287,200
seq_lora,3,task1510_evalution_relation_extraction,通用语言,task002_quoref_answer_generation,阅读理解（Quoref）,61.47121212121212,57.0,61.666017316017324,200
seq_lora,3,task1510_evalution_relation_extraction,通用语言,task1510_evalution_relation_extraction,关系抽取,98.37499999999999,95.5,98.33333333333331,200
seq_lora,3,task1510_evalution_relation_extraction,通用语言,task1729_personachat_generate_next,对话续写（PersonaChat）,13.498735589682855,0.0,11.190188713264195,200
seq_lora,3,task1510_evalution_relation_extraction,通用语言,task748_glucose_reverse_cause_event_detection,因果推理（GLUCOSE）,37.317508312170666,0.0,32.93941320404762,200
seq_lora,3,task1510_evalution_relation_extraction,医学语言,medical_mts_dialog_note,医患对话转临床记录（MTS-Dialog）,18.25792680176265,0.0,20.605159690011316,200
seq_lora,3,task1510_evalution_relation_extraction,医学语言,medical_iu_xray_impression,影像 Findings 转 Impression（IU-Xray）,11.211336128404591,0.0,13.230617151510721,200
seq_lora,3,task1510_evalution_relation_extraction,自然图像,natural_vqav2,自然图像问答（VQAv2）,85.78174603174604,83.0,84.03333333333332,200
seq_lora,3,task1510_evalution_relation_extraction,医学图像,medical_vqa_rad,医学图像问答（VQA-RAD）,50.58949938949939,47.0,49.82222222222222,200
seq_lora,4,task1729_personachat_generate_next,通用语言,task1290_xsum_summarization,新闻摘要（XSum）,24.374112051005145,0.0,26.003543018647107,200
seq_lora,4,task1729_personachat_generate_next,通用语言,task002_quoref_answer_generation,阅读理解（Quoref）,58.55930735930737,53.0,58.89642857142858,200
seq_lora,4,task1729_personachat_generate_next,通用语言,task1510_evalution_relation_extraction,关系抽取,93.14404761904761,81.0,93.56666666666665,200
seq_lora,4,task1729_personachat_generate_next,通用语言,task1729_personachat_generate_next,对话续写（PersonaChat）,16.915550081842955,0.0,14.181775124264018,200
seq_lora,4,task1729_personachat_generate_next,通用语言,task748_glucose_reverse_cause_event_detection,因果推理（GLUCOSE）,36.490132139170235,0.0,32.81286812877047,200
seq_lora,4,task1729_personachat_generate_next,医学语言,medical_mts_dialog_note,医患对话转临床记录（MTS-Dialog）,8.526879900623113,0.0,8.558611948795178,200
seq_lora,4,task1729_personachat_generate_next,医学语言,medical_iu_xray_impression,影像 Findings 转 Impression（IU-Xray）,11.431114578103882,0.0,13.109691622351825,200
seq_lora,4,task1729_personachat_generate_next,自然图像,natural_vqav2,自然图像问答（VQAv2）,87.05555555555554,85.0,86.11904761904762,200
seq_lora,4,task1729_personachat_generate_next,医学图像,medical_vqa_rad,医学图像问答（VQA-RAD）,51.63322233322233,48.5,51.336111111111116,200
seq_lora,5,task748_glucose_reverse_cause_event_detection,通用语言,task1290_xsum_summarization,新闻摘要（XSum）,23.892161203748998,0.0,25.22502817116535,200
seq_lora,5,task748_glucose_reverse_cause_event_detection,通用语言,task002_quoref_answer_generation,阅读理解（Quoref）,57.70692640692641,52.5,57.76006493506494,200
seq_lora,5,task748_glucose_reverse_cause_event_detection,通用语言,task1510_evalution_relation_extraction,关系抽取,94.13571428571427,84.5,94.6,200
seq_lora,5,task748_glucose_reverse_cause_event_detection,通用语言,task1729_personachat_generate_next,对话续写（PersonaChat）,16.556207675477378,0.0,14.21808452005012,200
seq_lora,5,task748_glucose_reverse_cause_event_detection,通用语言,task748_glucose_reverse_cause_event_detection,因果推理（GLUCOSE）,63.41782349464562,2.5,60.496408807670576,200
seq_lora,5,task748_glucose_reverse_cause_event_detection,医学语言,medical_mts_dialog_note,医患对话转临床记录（MTS-Dialog）,12.00850891665571,0.0,12.170483508435368,200
seq_lora,5,task748_glucose_reverse_cause_event_detection,医学语言,medical_iu_xray_impression,影像 Findings 转 Impression（IU-Xray）,11.322803385554607,0.0,13.172316774370406,200
seq_lora,5,task748_glucose_reverse_cause_event_detection,自然图像,natural_vqav2,自然图像问答（VQAv2）,86.47222222222223,84.5,85.53571428571428,200
seq_lora,5,task748_glucose_reverse_cause_event_detection,医学图像,medical_vqa_rad,医学图像问答（VQA-RAD）,53.08322233322233,49.5,52.38611111111111,200
seq_lora,6,medical_mts_dialog_note,通用语言,task1290_xsum_summarization,新闻摘要（XSum）,23.190143134063792,0.0,23.40041352555137,200
seq_lora,6,medical_mts_dialog_note,通用语言,task002_quoref_answer_generation,阅读理解（Quoref）,61.57612665112665,56.0,61.75898268398269,200
seq_lora,6,medical_mts_dialog_note,通用语言,task1510_evalution_relation_extraction,关系抽取,93.49404761904763,84.0,94.6,200
seq_lora,6,medical_mts_dialog_note,通用语言,task1729_personachat_generate_next,对话续写（PersonaChat）,16.753458646485292,0.0,14.031511977687442,200
seq_lora,6,medical_mts_dialog_note,通用语言,task748_glucose_reverse_cause_event_detection,因果推理（GLUCOSE）,61.96246396195634,2.5,59.695803396044354,200
seq_lora,6,medical_mts_dialog_note,医学语言,medical_mts_dialog_note,医患对话转临床记录（MTS-Dialog）,20.08575066323945,3.0,19.961773272534383,200
seq_lora,6,medical_mts_dialog_note,医学语言,medical_iu_xray_impression,影像 Findings 转 Impression（IU-Xray）,12.84325694780574,0.0,14.365844600765561,200
seq_lora,6,medical_mts_dialog_note,自然图像,natural_vqav2,自然图像问答（VQAv2）,87.55555555555554,86.0,86.49999999999999,200
seq_lora,6,medical_mts_dialog_note,医学图像,medical_vqa_rad,医学图像问答（VQA-RAD）,53.716483516483514,50.0,53.0,200
seq_lora,7,medical_iu_xray_impression,通用语言,task1290_xsum_summarization,新闻摘要（XSum）,23.276903354107016,0.0,22.754121406105263,200
seq_lora,7,medical_iu_xray_impression,通用语言,task002_quoref_answer_generation,阅读理解（Quoref）,57.82612665112665,51.5,57.74697802197802,200
seq_lora,7,medical_iu_xray_impression,通用语言,task1510_evalution_relation_extraction,关系抽取,92.48333333333332,81.5,93.86190476190475,200
seq_lora,7,medical_iu_xray_impression,通用语言,task1729_personachat_generate_next,对话续写（PersonaChat）,15.78700730958651,0.0,13.228639729638305,200
seq_lora,7,medical_iu_xray_impression,通用语言,task748_glucose_reverse_cause_event_detection,因果推理（GLUCOSE）,60.25954347775185,2.0,58.19269033248783,200
seq_lora,7,medical_iu_xray_impression,医学语言,medical_mts_dialog_note,医患对话转临床记录（MTS-Dialog）,16.378814302752648,2.0,15.861952874681446,200
seq_lora,7,medical_iu_xray_impression,医学语言,medical_iu_xray_impression,影像 Findings 转 Impression（IU-Xray）,42.60851175210843,7.0,42.513762672092945,200
seq_lora,7,medical_iu_xray_impression,自然图像,natural_vqav2,自然图像问答（VQAv2）,87.08333333333331,85.5,86.03333333333332,200
seq_lora,7,medical_iu_xray_impression,医学图像,medical_vqa_rad,医学图像问答（VQA-RAD）,51.77985347985347,48.5,51.22051282051282,200
seq_lora,8,natural_vqav2,通用语言,task1290_xsum_summarization,新闻摘要（XSum）,22.88695121370777,0.0,22.59752064745094,200
seq_lora,8,natural_vqav2,通用语言,task002_quoref_answer_generation,阅读理解（Quoref）,59.757692307692295,52.5,59.973962148962144,200
seq_lora,8,natural_vqav2,通用语言,task1510_evalution_relation_extraction,关系抽取,88.16785714285714,69.0,90.65238095238094,200
seq_lora,8,natural_vqav2,通用语言,task1729_personachat_generate_next,对话续写（PersonaChat）,16.007858822725563,0.0,13.67890037382937,200
seq_lora,8,natural_vqav2,通用语言,task748_glucose_reverse_cause_event_detection,因果推理（GLUCOSE）,57.143360728882854,2.0,56.0102300251642,200
seq_lora,8,natural_vqav2,医学语言,medical_mts_dialog_note,医患对话转临床记录（MTS-Dialog）,15.705361201465207,2.0,15.891291647940395,200
seq_lora,8,natural_vqav2,医学语言,medical_iu_xray_impression,影像 Findings 转 Impression（IU-Xray）,42.81355600272439,7.5,42.81508127221081,200
seq_lora,8,natural_vqav2,自然图像,natural_vqav2,自然图像问答（VQAv2）,88.95238095238095,87.0,87.86666666666666,200
seq_lora,8,natural_vqav2,医学图像,medical_vqa_rad,医学图像问答（VQA-RAD）,48.727777777777774,46.0,48.77777777777777,200
seq_lora,9,medical_vqa_rad,通用语言,task1290_xsum_summarization,新闻摘要（XSum）,23.26301748953337,0.0,23.62993039764897,200
seq_lora,9,medical_vqa_rad,通用语言,task002_quoref_answer_generation,阅读理解（Quoref）,58.18205128205127,50.5,58.130022755022736,200
seq_lora,9,medical_vqa_rad,通用语言,task1510_evalution_relation_extraction,关系抽取,83.97738095238091,62.5,87.93571428571425,200
seq_lora,9,medical_vqa_rad,通用语言,task1729_personachat_generate_next,对话续写（PersonaChat）,16.00387966562486,0.0,13.759182673416083,200
seq_lora,9,medical_vqa_rad,通用语言,task748_glucose_reverse_cause_event_detection,因果推理（GLUCOSE）,61.19272254893634,2.0,58.800938486708844,200
seq_lora,9,medical_vqa_rad,医学语言,medical_mts_dialog_note,医患对话转临床记录（MTS-Dialog）,16.133231529324338,1.0,16.021349373312674,200
seq_lora,9,medical_vqa_rad,医学语言,medical_iu_xray_impression,影像 Findings 转 Impression（IU-Xray）,40.43841727861838,6.5,39.94096781580717,200
seq_lora,9,medical_vqa_rad,自然图像,natural_vqav2,自然图像问答（VQAv2）,86.66666666666666,84.5,85.61666666666666,200
seq_lora,9,medical_vqa_rad,医学图像,medical_vqa_rad,医学图像问答（VQA-RAD）,53.33560328560329,49.5,53.00959595959596,200
migu_lora,0,base,通用语言,task1290_xsum_summarization,新闻摘要（XSum）,16.07385611693547,0.0,17.098909307990905,200
migu_lora,0,base,通用语言,task002_quoref_answer_generation,阅读理解（Quoref）,48.04572357467094,42.0,48.53435424224898,200
migu_lora,0,base,通用语言,task1510_evalution_relation_extraction,关系抽取,49.95362970362964,0.0,54.4469696969696,200
migu_lora,0,base,通用语言,task1729_personachat_generate_next,对话续写（PersonaChat）,11.953888136407185,0.0,10.031009867652372,200
migu_lora,0,base,通用语言,task748_glucose_reverse_cause_event_detection,因果推理（GLUCOSE）,38.19186459771409,0.0,34.412412780585235,200
migu_lora,0,base,医学语言,medical_mts_dialog_note,医患对话转临床记录（MTS-Dialog）,18.42713473642623,0.0,22.264174885885005,200
migu_lora,0,base,医学语言,medical_iu_xray_impression,影像 Findings 转 Impression（IU-Xray）,10.358442428962059,0.0,12.327698168705282,200
migu_lora,0,base,自然图像,natural_vqav2,自然图像问答（VQAv2）,87.19344070961719,84.0,86.1142857142857,200
migu_lora,0,base,医学图像,medical_vqa_rad,医学图像问答（VQA-RAD）,46.68431731667026,43.0,46.019658119658125,200
migu_lora,1,task1290_xsum_summarization,通用语言,task1290_xsum_summarization,新闻摘要（XSum）,24.889405714579915,0.0,27.2475138989081,200
migu_lora,1,task1290_xsum_summarization,通用语言,task002_quoref_answer_generation,阅读理解（Quoref）,52.29581529581528,44.0,52.339430014430015,200
migu_lora,1,task1290_xsum_summarization,通用语言,task1510_evalution_relation_extraction,关系抽取,31.15,0.0,38.202380952380956,200
migu_lora,1,task1290_xsum_summarization,通用语言,task1729_personachat_generate_next,对话续写（PersonaChat）,14.66885323363656,0.0,11.705046500664352,200
migu_lora,1,task1290_xsum_summarization,通用语言,task748_glucose_reverse_cause_event_detection,因果推理（GLUCOSE）,37.43218333248684,0.0,34.0151251738157,200
migu_lora,1,task1290_xsum_summarization,医学语言,medical_mts_dialog_note,医患对话转临床记录（MTS-Dialog）,17.872352893525964,0.0,20.33907606879739,200
migu_lora,1,task1290_xsum_summarization,医学语言,medical_iu_xray_impression,影像 Findings 转 Impression（IU-Xray）,10.003688653891027,0.0,12.162955050027227,200
migu_lora,1,task1290_xsum_summarization,自然图像,natural_vqav2,自然图像问答（VQAv2）,86.38888888888889,83.5,84.95238095238095,200
migu_lora,1,task1290_xsum_summarization,医学图像,medical_vqa_rad,医学图像问答（VQA-RAD）,50.07479350714645,46.0,49.30299145299145,200
migu_lora,2,task002_quoref_answer_generation,通用语言,task1290_xsum_summarization,新闻摘要（XSum）,24.28531072656395,0.0,26.65099175004831,200
migu_lora,2,task002_quoref_answer_generation,通用语言,task002_quoref_answer_generation,阅读理解（Quoref）,56.93207903207903,50.0,57.0965811965812,200
migu_lora,2,task002_quoref_answer_generation,通用语言,task1510_evalution_relation_extraction,关系抽取,26.207142857142852,0.0,33.599999999999994,200
migu_lora,2,task002_quoref_answer_generation,通用语言,task1729_personachat_generate_next,对话续写（PersonaChat）,14.985650688122183,0.0,11.989803345450811,200
migu_lora,2,task002_quoref_answer_generation,通用语言,task748_glucose_reverse_cause_event_detection,因果推理（GLUCOSE）,37.873036086569215,0.0,33.05395704220135,200
migu_lora,2,task002_quoref_answer_generation,医学语言,medical_mts_dialog_note,医患对话转临床记录（MTS-Dialog）,19.743233524326815,0.0,23.722049498880757,200
migu_lora,2,task002_quoref_answer_generation,医学语言,medical_iu_xray_impression,影像 Findings 转 Impression（IU-Xray）,10.087629213176161,0.0,12.153896661545797,200
migu_lora,2,task002_quoref_answer_generation,自然图像,natural_vqav2,自然图像问答（VQAv2）,85.51388888888889,82.5,84.11904761904763,200
migu_lora,2,task002_quoref_answer_generation,医学图像,medical_vqa_rad,医学图像问答（VQA-RAD）,50.82836578626053,47.0,50.12606837606838,200
migu_lora,3,task1510_evalution_relation_extraction,通用语言,task1290_xsum_summarization,新闻摘要（XSum）,24.36426960706379,0.0,26.513008732140744,200
migu_lora,3,task1510_evalution_relation_extraction,通用语言,task002_quoref_answer_generation,阅读理解（Quoref）,56.04581529581529,49.5,56.208477633477635,200
migu_lora,3,task1510_evalution_relation_extraction,通用语言,task1510_evalution_relation_extraction,关系抽取,84.81904761904754,56.0,84.65238095238088,200
migu_lora,3,task1510_evalution_relation_extraction,通用语言,task1729_personachat_generate_next,对话续写（PersonaChat）,15.491658266289658,0.0,11.723017270528043,200
migu_lora,3,task1510_evalution_relation_extraction,通用语言,task748_glucose_reverse_cause_event_detection,因果推理（GLUCOSE）,37.71095677597298,0.0,34.98890643085946,200
migu_lora,3,task1510_evalution_relation_extraction,医学语言,medical_mts_dialog_note,医患对话转临床记录（MTS-Dialog）,21.49088469009434,0.0,24.89569070050983,200
migu_lora,3,task1510_evalution_relation_extraction,医学语言,medical_iu_xray_impression,影像 Findings 转 Impression（IU-Xray）,10.146507780897009,0.0,12.330999002828657,200
migu_lora,3,task1510_evalution_relation_extraction,自然图像,natural_vqav2,自然图像问答（VQAv2）,86.01388888888889,83.0,84.61904761904763,200
migu_lora,3,task1510_evalution_relation_extraction,医学图像,medical_vqa_rad,医学图像问答（VQA-RAD）,51.089499389499395,47.5,50.37222222222223,200
migu_lora,4,task1729_personachat_generate_next,通用语言,task1290_xsum_summarization,新闻摘要（XSum）,24.600456937135547,0.0,26.39068081089288,200
migu_lora,4,task1729_personachat_generate_next,通用语言,task002_quoref_answer_generation,阅读理解（Quoref）,58.00112665112664,51.0,58.255663780663774,200
migu_lora,4,task1729_personachat_generate_next,通用语言,task1510_evalution_relation_extraction,关系抽取,82.54285714285702,48.5,82.37619047619035,200
migu_lora,4,task1729_personachat_generate_next,通用语言,task1729_personachat_generate_next,对话续写（PersonaChat）,16.167090708213244,0.0,13.451710807498014,200
migu_lora,4,task1729_personachat_generate_next,通用语言,task748_glucose_reverse_cause_event_detection,因果推理（GLUCOSE）,37.965783708427324,0.0,33.027391606970966,200
migu_lora,4,task1729_personachat_generate_next,医学语言,medical_mts_dialog_note,医患对话转临床记录（MTS-Dialog）,13.379208976264549,0.0,14.679196587324641,200
migu_lora,4,task1729_personachat_generate_next,医学语言,medical_iu_xray_impression,影像 Findings 转 Impression（IU-Xray）,9.90023783220983,0.0,11.966645659142168,200
migu_lora,4,task1729_personachat_generate_next,自然图像,natural_vqav2,自然图像问答（VQAv2）,85.88888888888889,83.0,84.45238095238095,200
migu_lora,4,task1729_personachat_generate_next,医学图像,medical_vqa_rad,医学图像问答（VQA-RAD）,52.239671147565886,48.5,51.236111111111114,200
migu_lora,5,task748_glucose_reverse_cause_event_detection,通用语言,task1290_xsum_summarization,新闻摘要（XSum）,24.336540169337518,0.0,25.896211829153877,200
migu_lora,5,task748_glucose_reverse_cause_event_detection,通用语言,task002_quoref_answer_generation,阅读理解（Quoref）,57.83128538128537,50.0,57.87673992673992,200
migu_lora,5,task748_glucose_reverse_cause_event_detection,通用语言,task1510_evalution_relation_extraction,关系抽取,85.87499999999993,61.0,85.88095238095234,200
migu_lora,5,task748_glucose_reverse_cause_event_detection,通用语言,task1729_personachat_generate_next,对话续写（PersonaChat）,16.322794030065204,0.0,13.082707510068188,200
migu_lora,5,task748_glucose_reverse_cause_event_detection,通用语言,task748_glucose_reverse_cause_event_detection,因果推理（GLUCOSE）,58.50249867985657,1.0,56.86554633051689,200
migu_lora,5,task748_glucose_reverse_cause_event_detection,医学语言,medical_mts_dialog_note,医患对话转临床记录（MTS-Dialog）,15.957566646234575,0.0,17.299594026633635,200
migu_lora,5,task748_glucose_reverse_cause_event_detection,医学语言,medical_iu_xray_impression,影像 Findings 转 Impression（IU-Xray）,10.03807400143168,0.0,12.11837020724185,200
migu_lora,5,task748_glucose_reverse_cause_event_detection,自然图像,natural_vqav2,自然图像问答（VQAv2）,86.80555555555554,84.0,85.36904761904763,200
migu_lora,5,task748_glucose_reverse_cause_event_detection,医学图像,medical_vqa_rad,医学图像问答（VQA-RAD）,52.91655566655566,49.0,51.88611111111111,200
migu_lora,6,medical_mts_dialog_note,通用语言,task1290_xsum_summarization,新闻摘要（XSum）,24.308850373573197,0.0,25.351941722751594,200
migu_lora,6,medical_mts_dialog_note,通用语言,task002_quoref_answer_generation,阅读理解（Quoref）,55.066819291819286,47.0,55.26086691086691,200
migu_lora,6,medical_mts_dialog_note,通用语言,task1510_evalution_relation_extraction,关系抽取,82.00952380952369,51.0,82.22380952380941,200
migu_lora,6,medical_mts_dialog_note,通用语言,task1729_personachat_generate_next,对话续写（PersonaChat）,16.076810492034475,0.0,13.445362816963975,200
migu_lora,6,medical_mts_dialog_note,通用语言,task748_glucose_reverse_cause_event_detection,因果推理（GLUCOSE）,58.076990880446985,1.0,56.12516934652751,200
migu_lora,6,medical_mts_dialog_note,医学语言,medical_mts_dialog_note,医患对话转临床记录（MTS-Dialog）,19.22520007351001,2.0,19.513757819835952,200
migu_lora,6,medical_mts_dialog_note,医学语言,medical_iu_xray_impression,影像 Findings 转 Impression（IU-Xray）,9.634244544465757,0.0,11.398377914547185,200
migu_lora,6,medical_mts_dialog_note,自然图像,natural_vqav2,自然图像问答（VQAv2）,87.38888888888889,84.5,85.95238095238093,200
migu_lora,6,medical_mts_dialog_note,医学图像,medical_vqa_rad,医学图像问答（VQA-RAD）,53.80849705849706,50.0,53.039957264957266,200
migu_lora,7,medical_iu_xray_impression,通用语言,task1290_xsum_summarization,新闻摘要（XSum）,24.018698256198896,0.0,24.625194504312514,200
migu_lora,7,medical_iu_xray_impression,通用语言,task002_quoref_answer_generation,阅读理解（Quoref）,52.50015262515263,46.5,53.1465811965812,200
migu_lora,7,medical_iu_xray_impression,通用语言,task1510_evalution_relation_extraction,关系抽取,73.78809523809518,39.0,77.39047619047611,200
migu_lora,7,medical_iu_xray_impression,通用语言,task1729_personachat_generate_next,对话续写（PersonaChat）,14.462155388321767,0.0,11.501183508240308,200
migu_lora,7,medical_iu_xray_impression,通用语言,task748_glucose_reverse_cause_event_detection,因果推理（GLUCOSE）,52.78621685039792,1.5,51.269413292785856,200
migu_lora,7,medical_iu_xray_impression,医学语言,medical_mts_dialog_note,医患对话转临床记录（MTS-Dialog）,13.33287322303273,0.5,13.190674921460351,200
migu_lora,7,medical_iu_xray_impression,医学语言,medical_iu_xray_impression,影像 Findings 转 Impression（IU-Xray）,32.652959246231546,3.5,32.045993662095796,200
migu_lora,7,medical_iu_xray_impression,自然图像,natural_vqav2,自然图像问答（VQAv2）,87.30555555555554,84.5,85.86904761904762,200
migu_lora,7,medical_iu_xray_impression,医学图像,medical_vqa_rad,医学图像问答（VQA-RAD）,52.00836385836386,48.5,51.61495726495727,200
migu_lora,8,natural_vqav2,通用语言,task1290_xsum_summarization,新闻摘要（XSum）,23.537366954927624,0.0,23.945213927133313,200
migu_lora,8,natural_vqav2,通用语言,task002_quoref_answer_generation,阅读理解（Quoref）,52.58348595848597,46.0,52.71324786324787,200
migu_lora,8,natural_vqav2,通用语言,task1510_evalution_relation_extraction,关系抽取,71.71309523809515,33.0,75.22380952380941,200
migu_lora,8,natural_vqav2,通用语言,task1729_personachat_generate_next,对话续写（PersonaChat）,14.754686189806666,0.0,12.168122579212563,200
migu_lora,8,natural_vqav2,通用语言,task748_glucose_reverse_cause_event_detection,因果推理（GLUCOSE）,52.701615553058645,1.5,51.83310294764656,200
migu_lora,8,natural_vqav2,医学语言,medical_mts_dialog_note,医患对话转临床记录（MTS-Dialog）,14.497512756989417,0.5,14.058322801222262,200
migu_lora,8,natural_vqav2,医学语言,medical_iu_xray_impression,影像 Findings 转 Impression（IU-Xray）,31.515587386756167,3.0,30.95972239128166,200
migu_lora,8,natural_vqav2,自然图像,natural_vqav2,自然图像问答（VQAv2）,87.45238095238095,85.5,86.36666666666666,200
migu_lora,8,natural_vqav2,医学图像,medical_vqa_rad,医学图像问答（VQA-RAD）,45.47626262626263,42.0,45.15959595959596,200
migu_lora,9,medical_vqa_rad,通用语言,task1290_xsum_summarization,新闻摘要（XSum）,24.21082182159892,0.0,24.48605287625537,200
migu_lora,9,medical_vqa_rad,通用语言,task002_quoref_answer_generation,阅读理解（Quoref）,51.71681929181929,44.0,51.99420024420024,200
migu_lora,9,medical_vqa_rad,通用语言,task1510_evalution_relation_extraction,关系抽取,69.26785714285707,25.5,73.06190476190464,200
migu_lora,9,medical_vqa_rad,通用语言,task1729_personachat_generate_next,对话续写（PersonaChat）,14.379596728819713,0.0,11.71805208988376,200
migu_lora,9,medical_vqa_rad,通用语言,task748_glucose_reverse_cause_event_detection,因果推理（GLUCOSE）,54.365121977920055,1.5,53.11370153500459,200
migu_lora,9,medical_vqa_rad,医学语言,medical_mts_dialog_note,医患对话转临床记录（MTS-Dialog）,13.973734976141765,0.5,13.071190590404937,200
migu_lora,9,medical_vqa_rad,医学语言,medical_iu_xray_impression,影像 Findings 转 Impression（IU-Xray）,29.624728736204073,2.5,29.117908708866665,200
migu_lora,9,medical_vqa_rad,自然图像,natural_vqav2,自然图像问答（VQAv2）,86.41666666666666,84.5,85.36666666666666,200
migu_lora,9,medical_vqa_rad,医学图像,medical_vqa_rad,医学图像问答（VQA-RAD）,51.71893661893662,48.0,51.392929292929296,200
olora,0,base,通用语言,task1290_xsum_summarization,新闻摘要（XSum）,16.07385611693547,0.0,17.098909307990905,200
olora,0,base,通用语言,task002_quoref_answer_generation,阅读理解（Quoref）,48.04572357467094,42.0,48.53435424224898,200
olora,0,base,通用语言,task1510_evalution_relation_extraction,关系抽取,49.95362970362964,0.0,54.4469696969696,200
olora,0,base,通用语言,task1729_personachat_generate_next,对话续写（PersonaChat）,11.953888136407185,0.0,10.031009867652372,200
olora,0,base,通用语言,task748_glucose_reverse_cause_event_detection,因果推理（GLUCOSE）,38.19186459771409,0.0,34.412412780585235,200
olora,0,base,医学语言,medical_mts_dialog_note,医患对话转临床记录（MTS-Dialog）,18.42713473642623,0.0,22.264174885885005,200
olora,0,base,医学语言,medical_iu_xray_impression,影像 Findings 转 Impression（IU-Xray）,10.358442428962059,0.0,12.327698168705282,200
olora,0,base,自然图像,natural_vqav2,自然图像问答（VQAv2）,87.19344070961719,84.0,86.1142857142857,200
olora,0,base,医学图像,medical_vqa_rad,医学图像问答（VQA-RAD）,46.68431731667026,43.0,46.019658119658125,200
olora,1,task1290_xsum_summarization,通用语言,task1290_xsum_summarization,新闻摘要（XSum）,24.91889444851759,0.0,27.314438596930362,200
olora,1,task1290_xsum_summarization,通用语言,task002_quoref_answer_generation,阅读理解（Quoref）,52.29581529581528,44.0,52.339430014430015,200
olora,1,task1290_xsum_summarization,通用语言,task1510_evalution_relation_extraction,关系抽取,30.95,0.0,38.00238095238095,200
olora,1,task1290_xsum_summarization,通用语言,task1729_personachat_generate_next,对话续写（PersonaChat）,14.624724328485984,0.0,11.656185217020461,200
olora,1,task1290_xsum_summarization,通用语言,task748_glucose_reverse_cause_event_detection,因果推理（GLUCOSE）,37.64018952872832,0.0,34.24023339892391,200
olora,1,task1290_xsum_summarization,医学语言,medical_mts_dialog_note,医患对话转临床记录（MTS-Dialog）,18.244423836557697,0.0,20.752141146770636,200
olora,1,task1290_xsum_summarization,医学语言,medical_iu_xray_impression,影像 Findings 转 Impression（IU-Xray）,10.034143933422405,0.0,12.186973364904997,200
olora,1,task1290_xsum_summarization,自然图像,natural_vqav2,自然图像问答（VQAv2）,86.38888888888889,83.5,84.95238095238095,200
olora,1,task1290_xsum_summarization,医学图像,medical_vqa_rad,医学图像问答（VQA-RAD）,50.07479350714645,46.0,49.30299145299145,200
olora,2,task002_quoref_answer_generation,通用语言,task1290_xsum_summarization,新闻摘要（XSum）,24.799273539207753,0.0,27.456069388718333,200
olora,2,task002_quoref_answer_generation,通用语言,task002_quoref_answer_generation,阅读理解（Quoref）,56.86248196248197,49.5,56.92460317460318,200
olora,2,task002_quoref_answer_generation,通用语言,task1510_evalution_relation_extraction,关系抽取,30.597619047619045,0.0,37.602380952380955,200
olora,2,task002_quoref_answer_generation,通用语言,task1729_personachat_generate_next,对话续写（PersonaChat）,14.56770443675681,0.0,11.910294507220748,200
olora,2,task002_quoref_answer_generation,通用语言,task748_glucose_reverse_cause_event_detection,因果推理（GLUCOSE）,36.79399213693917,0.0,33.27909781755743,200
olora,2,task002_quoref_answer_generation,医学语言,medical_mts_dialog_note,医患对话转临床记录（MTS-Dialog）,19.57054860538741,0.0,22.87689861970287,200
olora,2,task002_quoref_answer_generation,医学语言,medical_iu_xray_impression,影像 Findings 转 Impression（IU-Xray）,9.988292933411095,0.0,12.086312307510745,200
olora,2,task002_quoref_answer_generation,自然图像,natural_vqav2,自然图像问答（VQAv2）,86.96626984126983,84.0,85.57142857142857,200
olora,2,task002_quoref_answer_generation,医学图像,medical_vqa_rad,医学图像问答（VQA-RAD）,49.904568994816685,46.0,49.21794871794872,200
olora,3,task1510_evalution_relation_extraction,通用语言,task1290_xsum_summarization,新闻摘要（XSum）,24.941882297853045,0.0,27.91360193885288,200
olora,3,task1510_evalution_relation_extraction,通用语言,task002_quoref_answer_generation,阅读理解（Quoref）,57.29343434343435,51.0,57.46507936507938,200
olora,3,task1510_evalution_relation_extraction,通用语言,task1510_evalution_relation_extraction,关系抽取,87.08928571428564,63.0,86.99523809523804,200
olora,3,task1510_evalution_relation_extraction,通用语言,task1729_personachat_generate_next,对话续写（PersonaChat）,15.062594485375364,0.0,12.211587078540619,200
olora,3,task1510_evalution_relation_extraction,通用语言,task748_glucose_reverse_cause_event_detection,因果推理（GLUCOSE）,37.63802796997838,0.0,34.56773726504448,200
olora,3,task1510_evalution_relation_extraction,医学语言,medical_mts_dialog_note,医患对话转临床记录（MTS-Dialog）,19.126396117717817,0.0,21.941480555161462,200
olora,3,task1510_evalution_relation_extraction,医学语言,medical_iu_xray_impression,影像 Findings 转 Impression（IU-Xray）,10.228606198804828,0.0,12.347609578987733,200
olora,3,task1510_evalution_relation_extraction,自然图像,natural_vqav2,自然图像问答（VQAv2）,87.13153594771242,84.0,85.76190476190476,200
olora,3,task1510_evalution_relation_extraction,医学图像,medical_vqa_rad,医学图像问答（VQA-RAD）,48.8378745437569,45.0,48.0948717948718,200
olora,4,task1729_personachat_generate_next,通用语言,task1290_xsum_summarization,新闻摘要（XSum）,24.617386489103204,0.0,26.82794513997929,200
olora,4,task1729_personachat_generate_next,通用语言,task002_quoref_answer_generation,阅读理解（Quoref）,56.06248196248196,49.5,56.31626984126985,200
olora,4,task1729_personachat_generate_next,通用语言,task1510_evalution_relation_extraction,关系抽取,85.92857142857136,59.5,85.76190476190467,200
olora,4,task1729_personachat_generate_next,通用语言,task1729_personachat_generate_next,对话续写（PersonaChat）,16.435163123219763,0.0,14.047950252524743,200
olora,4,task1729_personachat_generate_next,通用语言,task748_glucose_reverse_cause_event_detection,因果推理（GLUCOSE）,37.01035281956181,0.0,33.74263820173952,200
olora,4,task1729_personachat_generate_next,医学语言,medical_mts_dialog_note,医患对话转临床记录（MTS-Dialog）,16.484156687874044,0.0,18.49329777474482,200
olora,4,task1729_personachat_generate_next,医学语言,medical_iu_xray_impression,影像 Findings 转 Impression（IU-Xray）,10.55407686305593,0.0,12.848588737214651,200
olora,4,task1729_personachat_generate_next,自然图像,natural_vqav2,自然图像问答（VQAv2）,87.01388888888889,84.0,85.61904761904762,200
olora,4,task1729_personachat_generate_next,医学图像,medical_vqa_rad,医学图像问答（VQA-RAD）,48.978639660992606,45.0,48.20683760683761,200
olora,5,task748_glucose_reverse_cause_event_detection,通用语言,task1290_xsum_summarization,新闻摘要（XSum）,24.536653257954608,0.0,26.59376022241438,200
olora,5,task748_glucose_reverse_cause_event_detection,通用语言,task002_quoref_answer_generation,阅读理解（Quoref）,58.01779331779331,51.0,58.00610500610501,200
olora,5,task748_glucose_reverse_cause_event_detection,通用语言,task1510_evalution_relation_extraction,关系抽取,86.6369047619047,62.5,86.42857142857137,200
olora,5,task748_glucose_reverse_cause_event_detection,通用语言,task1729_personachat_generate_next,对话续写（PersonaChat）,16.30646575102587,0.0,13.785171015750686,200
olora,5,task748_glucose_reverse_cause_event_detection,通用语言,task748_glucose_reverse_cause_event_detection,因果推理（GLUCOSE）,57.97443669043858,1.5,56.07885930946859,200
olora,5,task748_glucose_reverse_cause_event_detection,医学语言,medical_mts_dialog_note,医患对话转临床记录（MTS-Dialog）,18.258822192761485,0.0,20.844731341469434,200
olora,5,task748_glucose_reverse_cause_event_detection,医学语言,medical_iu_xray_impression,影像 Findings 转 Impression（IU-Xray）,10.700187419919551,0.0,12.97791771023176,200
olora,5,task748_glucose_reverse_cause_event_detection,自然图像,natural_vqav2,自然图像问答（VQAv2）,87.30555555555554,84.5,85.86904761904762,200
olora,5,task748_glucose_reverse_cause_event_detection,医学图像,medical_vqa_rad,医学图像问答（VQA-RAD）,49.29334554334555,45.5,48.52606837606838,200
olora,6,medical_mts_dialog_note,通用语言,task1290_xsum_summarization,新闻摘要（XSum）,25.300416092792993,0.0,26.965758868766287,200
olora,6,medical_mts_dialog_note,通用语言,task002_quoref_answer_generation,阅读理解（Quoref）,56.367793317793314,50.5,56.42277167277168,200
olora,6,medical_mts_dialog_note,通用语言,task1510_evalution_relation_extraction,关系抽取,85.6416666666666,59.5,85.7619047619047,200
olora,6,medical_mts_dialog_note,通用语言,task1729_personachat_generate_next,对话续写（PersonaChat）,15.99652927339825,0.0,13.873560949703897,200
olora,6,medical_mts_dialog_note,通用语言,task748_glucose_reverse_cause_event_detection,因果推理（GLUCOSE）,56.65796633862556,2.0,55.0904071836874,200
olora,6,medical_mts_dialog_note,医学语言,medical_mts_dialog_note,医患对话转临床记录（MTS-Dialog）,18.765021777083042,1.5,19.18623984264953,200
olora,6,medical_mts_dialog_note,医学语言,medical_iu_xray_impression,影像 Findings 转 Impression（IU-Xray）,10.583355106961244,0.0,12.483277598689337,200
olora,6,medical_mts_dialog_note,自然图像,natural_vqav2,自然图像问答（VQAv2）,86.63888888888889,84.0,85.11904761904762,200
olora,6,medical_mts_dialog_note,医学图像,medical_vqa_rad,医学图像问答（VQA-RAD）,48.679853479853485,45.0,47.95384615384615,200
olora,7,medical_iu_xray_impression,通用语言,task1290_xsum_summarization,新闻摘要（XSum）,25.13892799151118,0.0,26.636580005608945,200
olora,7,medical_iu_xray_impression,通用语言,task002_quoref_answer_generation,阅读理解（Quoref）,56.17673992673993,51.5,56.277533577533575,200
olora,7,medical_iu_xray_impression,通用语言,task1510_evalution_relation_extraction,关系抽取,84.36071428571421,56.0,84.6809523809523,200
olora,7,medical_iu_xray_impression,通用语言,task1729_personachat_generate_next,对话续写（PersonaChat）,15.905193206378767,0.0,13.50943800805134,200
olora,7,medical_iu_xray_impression,通用语言,task748_glucose_reverse_cause_event_detection,因果推理（GLUCOSE）,56.15565339926245,1.0,54.752998889303456,200
olora,7,medical_iu_xray_impression,医学语言,medical_mts_dialog_note,医患对话转临床记录（MTS-Dialog）,15.738778686537785,1.0,15.484413308447921,200
olora,7,medical_iu_xray_impression,医学语言,medical_iu_xray_impression,影像 Findings 转 Impression（IU-Xray）,29.498023109968305,3.5,29.00404421592933,200
olora,7,medical_iu_xray_impression,自然图像,natural_vqav2,自然图像问答（VQAv2）,85.55555555555554,83.0,84.03571428571428,200
olora,7,medical_iu_xray_impression,医学图像,medical_vqa_rad,医学图像问答（VQA-RAD）,50.17985347985347,46.5,49.45384615384615,200
olora,8,natural_vqav2,通用语言,task1290_xsum_summarization,新闻摘要（XSum）,24.850222352968693,0.0,26.336490026739916,200
olora,8,natural_vqav2,通用语言,task002_quoref_answer_generation,阅读理解（Quoref）,57.17673992673993,52.5,57.277533577533575,200
olora,8,natural_vqav2,通用语言,task1510_evalution_relation_extraction,关系抽取,83.53214285714276,55.0,83.85238095238084,200
olora,8,natural_vqav2,通用语言,task1729_personachat_generate_next,对话续写（PersonaChat）,15.886255697527467,0.0,13.43468619871143,200
olora,8,natural_vqav2,通用语言,task748_glucose_reverse_cause_event_detection,因果推理（GLUCOSE）,55.87460942022667,1.0,54.951557377493806,200
olora,8,natural_vqav2,医学语言,medical_mts_dialog_note,医患对话转临床记录（MTS-Dialog）,15.502737921771619,1.0,14.986112873587366,200
olora,8,natural_vqav2,医学语言,medical_iu_xray_impression,影像 Findings 转 Impression（IU-Xray）,29.860973074234057,3.5,29.333389870274985,200
olora,8,natural_vqav2,自然图像,natural_vqav2,自然图像问答（VQAv2）,86.91666666666666,85.0,85.86666666666666,200
olora,8,natural_vqav2,医学图像,medical_vqa_rad,医学图像问答（VQA-RAD）,45.044444444444444,42.0,44.77777777777777,200
olora,9,medical_vqa_rad,通用语言,task1290_xsum_summarization,新闻摘要（XSum）,24.84358420192361,0.0,26.424296456647056,200
olora,9,medical_vqa_rad,通用语言,task002_quoref_answer_generation,阅读理解（Quoref）,56.18522588522588,50.0,56.2510545010545,200
olora,9,medical_vqa_rad,通用语言,task1510_evalution_relation_extraction,关系抽取,84.73690476190468,57.5,85.0571428571428,200
olora,9,medical_vqa_rad,通用语言,task1729_personachat_generate_next,对话续写（PersonaChat）,16.081021124886842,0.0,13.586458685483919,200
olora,9,medical_vqa_rad,通用语言,task748_glucose_reverse_cause_event_detection,因果推理（GLUCOSE）,57.16525536341881,1.5,55.796272740411354,200
olora,9,medical_vqa_rad,医学语言,medical_mts_dialog_note,医患对话转临床记录（MTS-Dialog）,17.3288492815642,1.5,16.93581068150113,200
olora,9,medical_vqa_rad,医学语言,medical_iu_xray_impression,影像 Findings 转 Impression（IU-Xray）,29.714752774066387,3.5,29.12266134441488,200
olora,9,medical_vqa_rad,自然图像,natural_vqav2,自然图像问答（VQAv2）,88.41666666666666,86.0,86.86666666666666,200
olora,9,medical_vqa_rad,医学图像,medical_vqa_rad,医学图像问答（VQA-RAD）,50.67924297924297,46.0,50.04677544677545,200
sapt_lora,0,base,通用语言,task1290_xsum_summarization,新闻摘要（XSum）,16.07385611693547,0.0,17.098909307990905,200
sapt_lora,0,base,通用语言,task002_quoref_answer_generation,阅读理解（Quoref）,48.04572357467094,42.0,48.53435424224898,200
sapt_lora,0,base,通用语言,task1510_evalution_relation_extraction,关系抽取,49.95362970362964,0.0,54.4469696969696,200
sapt_lora,0,base,通用语言,task1729_personachat_generate_next,对话续写（PersonaChat）,11.953888136407185,0.0,10.031009867652372,200
sapt_lora,0,base,通用语言,task748_glucose_reverse_cause_event_detection,因果推理（GLUCOSE）,38.19186459771409,0.0,34.412412780585235,200
sapt_lora,0,base,医学语言,medical_mts_dialog_note,医患对话转临床记录（MTS-Dialog）,18.42713473642623,0.0,22.264174885885005,200
sapt_lora,0,base,医学语言,medical_iu_xray_impression,影像 Findings 转 Impression（IU-Xray）,10.358442428962059,0.0,12.327698168705282,200
sapt_lora,0,base,自然图像,natural_vqav2,自然图像问答（VQAv2）,87.19344070961719,84.0,86.1142857142857,200
sapt_lora,0,base,医学图像,medical_vqa_rad,医学图像问答（VQA-RAD）,46.68431731667026,43.0,46.019658119658125,200
sapt_lora,1,task1290_xsum_summarization,通用语言,task1290_xsum_summarization,新闻摘要（XSum）,24.652579666997646,0.0,27.046241473769918,200
sapt_lora,1,task1290_xsum_summarization,通用语言,task002_quoref_answer_generation,阅读理解（Quoref）,53.49303751803751,45.5,53.53466810966811,200
sapt_lora,1,task1290_xsum_summarization,通用语言,task1510_evalution_relation_extraction,关系抽取,32.66904761904762,0.0,40.26904761904762,200
sapt_lora,1,task1290_xsum_summarization,通用语言,task1729_personachat_generate_next,对话续写（PersonaChat）,14.699657795529733,0.0,11.887345392987138,200
sapt_lora,1,task1290_xsum_summarization,通用语言,task748_glucose_reverse_cause_event_detection,因果推理（GLUCOSE）,36.76685308797658,0.0,33.20069152668189,200
sapt_lora,1,task1290_xsum_summarization,医学语言,medical_mts_dialog_note,医患对话转临床记录（MTS-Dialog）,18.08818237143317,0.0,20.761270758359455,200
sapt_lora,1,task1290_xsum_summarization,医学语言,medical_iu_xray_impression,影像 Findings 转 Impression（IU-Xray）,9.962337888129454,0.0,12.093417314719025,200
sapt_lora,1,task1290_xsum_summarization,自然图像,natural_vqav2,自然图像问答（VQAv2）,86.41388888888889,83.5,85.11904761904763,200
sapt_lora,1,task1290_xsum_summarization,医学图像,medical_vqa_rad,医学图像问答（VQA-RAD）,48.41570259805554,44.5,47.71410256410257,200
sapt_lora,2,task002_quoref_answer_generation,通用语言,task1290_xsum_summarization,新闻摘要（XSum）,24.62867804637938,0.0,27.037941995307325,200
sapt_lora,2,task002_quoref_answer_generation,通用语言,task002_quoref_answer_generation,阅读理解（Quoref）,53.49303751803751,45.5,53.53466810966811,200
sapt_lora,2,task002_quoref_answer_generation,通用语言,task1510_evalution_relation_extraction,关系抽取,32.61904761904761,0.0,40.41904761904762,200
sapt_lora,2,task002_quoref_answer_generation,通用语言,task1729_personachat_generate_next,对话续写（PersonaChat）,14.699657795529733,0.0,11.887345392987138,200
sapt_lora,2,task002_quoref_answer_generation,通用语言,task748_glucose_reverse_cause_event_detection,因果推理（GLUCOSE）,36.86158819905352,0.0,33.30979245202995,200
sapt_lora,2,task002_quoref_answer_generation,医学语言,medical_mts_dialog_note,医患对话转临床记录（MTS-Dialog）,18.09326929364299,0.0,20.76275522635711,200
sapt_lora,2,task002_quoref_answer_generation,医学语言,medical_iu_xray_impression,影像 Findings 转 Impression（IU-Xray）,9.934983701614525,0.0,12.07045629424075,200
sapt_lora,2,task002_quoref_answer_generation,自然图像,natural_vqav2,自然图像问答（VQAv2）,86.41388888888889,83.5,85.11904761904763,200
sapt_lora,2,task002_quoref_answer_generation,医学图像,medical_vqa_rad,医学图像问答（VQA-RAD）,47.91570259805554,44.0,47.21410256410257,200
sapt_lora,3,task1510_evalution_relation_extraction,通用语言,task1290_xsum_summarization,新闻摘要（XSum）,24.83169347149135,0.0,27.563627152382328,200
sapt_lora,3,task1510_evalution_relation_extraction,通用语言,task002_quoref_answer_generation,阅读理解（Quoref）,53.24303751803751,45.0,53.28466810966811,200
sapt_lora,3,task1510_evalution_relation_extraction,通用语言,task1510_evalution_relation_extraction,关系抽取,86.58333333333324,61.0,86.49999999999991,200
sapt_lora,3,task1510_evalution_relation_extraction,通用语言,task1729_personachat_generate_next,对话续写（PersonaChat）,14.616815188808744,0.0,11.69333476824896,200
sapt_lora,3,task1510_evalution_relation_extraction,通用语言,task748_glucose_reverse_cause_event_detection,因果推理（GLUCOSE）,38.20870561397012,0.0,34.91491284637674,200
sapt_lora,3,task1510_evalution_relation_extraction,医学语言,medical_mts_dialog_note,医患对话转临床记录（MTS-Dialog）,17.739874471425768,0.0,20.629747056441502,200
sapt_lora,3,task1510_evalution_relation_extraction,医学语言,medical_iu_xray_impression,影像 Findings 转 Impression（IU-Xray）,9.984461067952246,0.0,12.163550729723537,200
sapt_lora,3,task1510_evalution_relation_extraction,自然图像,natural_vqav2,自然图像问答（VQAv2）,86.41388888888889,83.5,85.11904761904763,200
sapt_lora,3,task1510_evalution_relation_extraction,医学图像,medical_vqa_rad,医学图像问答（VQA-RAD）,48.91570259805554,45.0,48.21410256410257,200
sapt_lora,4,task1729_personachat_generate_next,通用语言,task1290_xsum_summarization,新闻摘要（XSum）,24.584090739107626,0.0,27.01560406638773,200
sapt_lora,4,task1729_personachat_generate_next,通用语言,task002_quoref_answer_generation,阅读理解（Quoref）,53.49303751803751,45.5,53.53466810966811,200
sapt_lora,4,task1729_personachat_generate_next,通用语言,task1510_evalution_relation_extraction,关系抽取,86.74999999999991,61.5,86.66666666666659,200
sapt_lora,4,task1729_personachat_generate_next,通用语言,task1729_personachat_generate_next,对话续写（PersonaChat）,14.657026216582365,0.0,11.88407741913093,200
sapt_lora,4,task1729_personachat_generate_next,通用语言,task748_glucose_reverse_cause_event_detection,因果推理（GLUCOSE）,37.046446586442066,0.0,33.40118881733937,200
sapt_lora,4,task1729_personachat_generate_next,医学语言,medical_mts_dialog_note,医患对话转临床记录（MTS-Dialog）,18.146799119956473,0.0,20.891333325308523,200
sapt_lora,4,task1729_personachat_generate_next,医学语言,medical_iu_xray_impression,影像 Findings 转 Impression（IU-Xray）,9.915074394174967,0.0,12.086513203837512,200
sapt_lora,4,task1729_personachat_generate_next,自然图像,natural_vqav2,自然图像问答（VQAv2）,86.41388888888889,83.5,85.11904761904763,200
sapt_lora,4,task1729_personachat_generate_next,医学图像,medical_vqa_rad,医学图像问答（VQA-RAD）,48.91570259805554,45.0,48.21410256410257,200
sapt_lora,5,task748_glucose_reverse_cause_event_detection,通用语言,task1290_xsum_summarization,新闻摘要（XSum）,24.60829637118827,0.0,26.986906543234383,200
sapt_lora,5,task748_glucose_reverse_cause_event_detection,通用语言,task002_quoref_answer_generation,阅读理解（Quoref）,53.49303751803751,45.5,53.53466810966811,200
sapt_lora,5,task748_glucose_reverse_cause_event_detection,通用语言,task1510_evalution_relation_extraction,关系抽取,86.24999999999993,60.0,86.1666666666666,200
sapt_lora,5,task748_glucose_reverse_cause_event_detection,通用语言,task1729_personachat_generate_next,对话续写（PersonaChat）,14.7431360563993,0.0,11.932799938441685,200
sapt_lora,5,task748_glucose_reverse_cause_event_detection,通用语言,task748_glucose_reverse_cause_event_detection,因果推理（GLUCOSE）,37.144402309435264,0.0,33.4279098799872,200
sapt_lora,5,task748_glucose_reverse_cause_event_detection,医学语言,medical_mts_dialog_note,医患对话转临床记录（MTS-Dialog）,18.10489878190068,0.0,20.79462380657893,200
sapt_lora,5,task748_glucose_reverse_cause_event_detection,医学语言,medical_iu_xray_impression,影像 Findings 转 Impression（IU-Xray）,9.931819666387737,0.0,12.069382637347832,200
sapt_lora,5,task748_glucose_reverse_cause_event_detection,自然图像,natural_vqav2,自然图像问答（VQAv2）,86.41388888888889,83.5,85.11904761904763,200
sapt_lora,5,task748_glucose_reverse_cause_event_detection,医学图像,medical_vqa_rad,医学图像问答（VQA-RAD）,48.41570259805554,44.5,47.71410256410257,200
sapt_lora,6,medical_mts_dialog_note,通用语言,task1290_xsum_summarization,新闻摘要（XSum）,24.551045109601024,0.0,26.9173934961513,200
sapt_lora,6,medical_mts_dialog_note,通用语言,task002_quoref_answer_generation,阅读理解（Quoref）,53.49303751803751,45.5,53.53466810966811,200
sapt_lora,6,medical_mts_dialog_note,通用语言,task1510_evalution_relation_extraction,关系抽取,86.58333333333324,61.0,86.49999999999991,200
sapt_lora,6,medical_mts_dialog_note,通用语言,task1729_personachat_generate_next,对话续写（PersonaChat）,14.639455775327713,0.0,11.887345392987138,200
sapt_lora,6,medical_mts_dialog_note,通用语言,task748_glucose_reverse_cause_event_detection,因果推理（GLUCOSE）,36.83128516875049,0.0,33.30979245202995,200
sapt_lora,6,medical_mts_dialog_note,医学语言,medical_mts_dialog_note,医患对话转临床记录（MTS-Dialog）,18.148975490891466,0.0,20.920434639884416,200
sapt_lora,6,medical_mts_dialog_note,医学语言,medical_iu_xray_impression,影像 Findings 转 Impression（IU-Xray）,9.954489029131436,0.0,12.137455242518188,200
sapt_lora,6,medical_mts_dialog_note,自然图像,natural_vqav2,自然图像问答（VQAv2）,86.41388888888889,83.5,85.11904761904763,200
sapt_lora,6,medical_mts_dialog_note,医学图像,medical_vqa_rad,医学图像问答（VQA-RAD）,48.91570259805554,45.0,48.21410256410257,200
sapt_lora,7,medical_iu_xray_impression,通用语言,task1290_xsum_summarization,新闻摘要（XSum）,24.637449976203943,0.0,27.075622580226288,200
sapt_lora,7,medical_iu_xray_impression,通用语言,task002_quoref_answer_generation,阅读理解（Quoref）,53.49303751803751,45.5,53.53466810966811,200
sapt_lora,7,medical_iu_xray_impression,通用语言,task1510_evalution_relation_extraction,关系抽取,86.41666666666659,60.5,86.33333333333324,200
sapt_lora,7,medical_iu_xray_impression,通用语言,task1729_personachat_generate_next,对话续写（PersonaChat）,14.739499692762935,0.0,11.921688827330575,200
sapt_lora,7,medical_iu_xray_impression,通用语言,task748_glucose_reverse_cause_event_detection,因果推理（GLUCOSE）,36.86158819905352,0.0,33.30979245202995,200
sapt_lora,7,medical_iu_xray_impression,医学语言,medical_mts_dialog_note,医患对话转临床记录（MTS-Dialog）,18.087670540834473,0.0,20.76457297136084,200
sapt_lora,7,medical_iu_xray_impression,医学语言,medical_iu_xray_impression,影像 Findings 转 Impression（IU-Xray）,9.95443885834601,0.0,12.105434194092568,200
sapt_lora,7,medical_iu_xray_impression,自然图像,natural_vqav2,自然图像问答（VQAv2）,86.41388888888889,83.5,85.11904761904763,200
sapt_lora,7,medical_iu_xray_impression,医学图像,medical_vqa_rad,医学图像问答（VQA-RAD）,48.41570259805554,44.5,47.71410256410257,200
sapt_lora,8,natural_vqav2,通用语言,task1290_xsum_summarization,新闻摘要（XSum）,24.706842944422586,0.0,27.032941183312186,200
sapt_lora,8,natural_vqav2,通用语言,task002_quoref_answer_generation,阅读理解（Quoref）,53.49303751803751,45.5,53.53466810966811,200
sapt_lora,8,natural_vqav2,通用语言,task1510_evalution_relation_extraction,关系抽取,86.58333333333327,61.0,86.49999999999991,200
sapt_lora,8,natural_vqav2,通用语言,task1729_personachat_generate_next,对话续写（PersonaChat）,14.697026216582366,0.0,11.88407741913093,200
sapt_lora,8,natural_vqav2,通用语言,task748_glucose_reverse_cause_event_detection,因果推理（GLUCOSE）,36.93373783145352,0.0,33.37311292255867,200
sapt_lora,8,natural_vqav2,医学语言,medical_mts_dialog_note,医患对话转临床记录（MTS-Dialog）,18.07565821570228,0.0,20.70998262450321,200
sapt_lora,8,natural_vqav2,医学语言,medical_iu_xray_impression,影像 Findings 转 Impression（IU-Xray）,9.914004841266312,0.0,12.046906204602093,200
sapt_lora,8,natural_vqav2,自然图像,natural_vqav2,自然图像问答（VQAv2）,86.41388888888889,83.5,85.11904761904763,200
sapt_lora,8,natural_vqav2,医学图像,medical_vqa_rad,医学图像问答（VQA-RAD）,48.91570259805554,45.0,48.21410256410257,200
sapt_lora,9,medical_vqa_rad,通用语言,task1290_xsum_summarization,新闻摘要（XSum）,24.758606507473516,0.0,27.200490806617037,200
sapt_lora,9,medical_vqa_rad,通用语言,task002_quoref_answer_generation,阅读理解（Quoref）,53.49303751803751,45.5,53.53466810966811,200
sapt_lora,9,medical_vqa_rad,通用语言,task1510_evalution_relation_extraction,关系抽取,86.41666666666659,60.5,86.33333333333324,200
sapt_lora,9,medical_vqa_rad,通用语言,task1729_personachat_generate_next,对话续写（PersonaChat）,14.559657795529734,0.0,11.776234281876027,200
sapt_lora,9,medical_vqa_rad,通用语言,task748_glucose_reverse_cause_event_detection,因果推理（GLUCOSE）,37.162996800771715,0.0,33.590095482332984,200
sapt_lora,9,medical_vqa_rad,医学语言,medical_mts_dialog_note,医患对话转临床记录（MTS-Dialog）,18.07557369903657,0.0,20.75838539825795,200
sapt_lora,9,medical_vqa_rad,医学语言,medical_iu_xray_impression,影像 Findings 转 Impression（IU-Xray）,9.928951606316353,0.0,12.043521664150797,200
sapt_lora,9,medical_vqa_rad,自然图像,natural_vqav2,自然图像问答（VQAv2）,86.41388888888889,83.5,85.11904761904763,200
sapt_lora,9,medical_vqa_rad,医学图像,medical_vqa_rad,医学图像问答（VQA-RAD）,49.41570259805554,45.5,48.71410256410257,200
