method,task,score,base,before_learning,just_learned,final,direct_learning_gain,final_change_after_learning,forgetting_from_previous_best,forward_change_before_learning
seq_lora,task1290_xsum_summarization,rougeL,16.07385611693547,16.07385611693547,24.844775768725718,23.26301748953337,8.770919651790248,-1.5817582791923464,1.5817582791923464,
seq_lora,task002_quoref_answer_generation,rougeL,48.04572357467094,52.79581529581528,61.57121212121212,58.18205128205127,8.77539682539684,-3.3891608391608514,3.394075369075381,4.750091721144344
seq_lora,task1510_evalution_relation_extraction,rougeL,49.95362970362964,20.183333333333334,98.37499999999999,83.97738095238091,78.19166666666665,-14.397619047619074,14.397619047619074,-29.770296370296304
seq_lora,task1729_personachat_generate_next,rougeL,11.953888136407185,13.498735589682855,16.915550081842955,16.00387966562486,3.4168144921601,-0.9116704162180937,0.9116704162180937,1.5448474532756702
seq_lora,task748_glucose_reverse_cause_event_detection,rougeL,38.19186459771409,36.490132139170235,63.41782349464562,61.19272254893634,26.927691355475382,-2.225100945709279,2.225100945709279,-1.7017324585438516
seq_lora,medical_mts_dialog_note,rougeL,18.42713473642623,12.00850891665571,20.08575066323945,16.133231529324338,8.077241746583738,-3.9525191339151107,3.9525191339151107,-6.418625819770519
seq_lora,medical_iu_xray_impression,rougeL,10.358442428962059,12.84325694780574,42.60851175210843,40.43841727861838,29.765254804302685,-2.170094473490046,2.3751387241060087,2.484814518843681
seq_lora,natural_vqav2,rougeL,87.19344070961719,87.08333333333331,88.95238095238095,86.66666666666666,1.8690476190476346,-2.285714285714292,2.285714285714292,-0.11010737628387801
seq_lora,medical_vqa_rad,rougeL,46.68431731667026,48.727777777777774,53.33560328560329,53.33560328560329,4.607825507825517,0.0,,2.0434604611075144
seq_lora,task1290_xsum_summarization,exact_match,0.0,0.0,0.0,0.0,0.0,0.0,0.0,
seq_lora,task002_quoref_answer_generation,exact_match,42.0,44.5,57.0,50.5,12.5,-6.5,6.5,2.5
seq_lora,task1510_evalution_relation_extraction,exact_match,0.0,0.0,95.5,62.5,95.5,-33.0,33.0,0.0
seq_lora,task1729_personachat_generate_next,exact_match,0.0,0.0,0.0,0.0,0.0,0.0,0.0,0.0
seq_lora,task748_glucose_reverse_cause_event_detection,exact_match,0.0,0.0,2.5,2.0,2.5,-0.5,0.5,0.0
seq_lora,medical_mts_dialog_note,exact_match,0.0,0.0,3.0,1.0,3.0,-2.0,2.0,0.0
seq_lora,medical_iu_xray_impression,exact_match,0.0,0.0,7.0,6.5,7.0,-0.5,1.0,0.0
seq_lora,natural_vqav2,exact_match,84.0,85.5,87.0,84.5,1.5,-2.5,2.5,1.5
seq_lora,medical_vqa_rad,exact_match,43.0,46.0,49.5,49.5,3.5,0.0,,3.0
seq_lora,task1290_xsum_summarization,token_f1,17.098909307990905,17.098909307990905,27.225566645710856,23.62993039764897,10.126657337719951,-3.5956362480618864,3.5956362480618864,
seq_lora,task002_quoref_answer_generation,token_f1,48.53435424224898,52.839430014430015,61.51601731601731,58.130022755022736,8.676587301587297,-3.3859945609945754,3.628959928959951,4.305075772181034
seq_lora,task1510_evalution_relation_extraction,token_f1,54.4469696969696,26.7,98.33333333333331,87.93571428571425,71.63333333333331,-10.39761904761906,10.39761904761906,-27.746969696969604
seq_lora,task1729_personachat_generate_next,token_f1,10.031009867652372,11.190188713264195,14.181775124264018,13.759182673416083,2.9915864109998225,-0.42259245084793484,0.45890184663403666,1.159178845611823
seq_lora,task748_glucose_reverse_cause_event_detection,token_f1,34.412412780585235,32.81286812877047,60.496408807670576,58.800938486708844,27.68354067890011,-1.6954703209617321,1.6954703209617321,-1.5995446518147673
seq_lora,medical_mts_dialog_note,token_f1,22.264174885885005,12.170483508435368,19.961773272534383,16.021349373312674,7.791289764099016,-3.9404238992217095,3.9404238992217095,-10.093691377449638
seq_lora,medical_iu_xray_impression,token_f1,12.327698168705282,14.365844600765561,42.513762672092945,39.94096781580717,28.147918071327382,-2.5727948562857748,2.8741134564036415,2.0381464320602785
seq_lora,natural_vqav2,token_f1,86.1142857142857,86.03333333333332,87.86666666666666,85.61666666666666,1.8333333333333428,-2.25,2.25,-0.08095238095238244
seq_lora,medical_vqa_rad,token_f1,46.019658119658125,48.77777777777777,53.00959595959596,53.00959595959596,4.231818181818191,0.0,,2.7581196581196465
migu_lora,task1290_xsum_summarization,rougeL,16.07385611693547,16.07385611693547,24.889405714579915,24.21082182159892,8.815549597644445,-0.6785838929809955,0.6785838929809955,
migu_lora,task002_quoref_answer_generation,rougeL,48.04572357467094,52.29581529581528,56.93207903207903,51.71681929181929,4.63626373626375,-5.215259740259739,6.284307359307348,4.250091721144344
migu_lora,task1510_evalution_relation_extraction,rougeL,49.95362970362964,26.207142857142852,84.81904761904754,69.26785714285707,58.61190476190468,-15.55119047619047,16.60714285714286,-23.746486846486786
migu_lora,task1729_personachat_generate_next,rougeL,11.953888136407185,15.491658266289658,16.167090708213244,14.379596728819713,0.6754324419235864,-1.7874939793935312,1.9431973012454904,3.537770129882473
migu_lora,task748_glucose_reverse_cause_event_detection,rougeL,38.19186459771409,37.965783708427324,58.50249867985657,54.365121977920055,20.536714971429248,-4.1373767019365175,4.1373767019365175,-0.22608088928676295
migu_lora,medical_mts_dialog_note,rougeL,18.42713473642623,15.957566646234575,19.22520007351001,13.973734976141765,3.2676334272754346,-5.251465097368245,5.251465097368245,-2.469568090191654
migu_lora,medical_iu_xray_impression,rougeL,10.358442428962059,9.634244544465757,32.652959246231546,29.624728736204073,23.018714701765788,-3.0282305100274733,3.0282305100274733,-0.7241978844963022
migu_lora,natural_vqav2,rougeL,87.19344070961719,87.30555555555554,87.45238095238095,86.41666666666666,0.14682539682540607,-1.0357142857142918,1.0357142857142918,0.11211484593835053
migu_lora,medical_vqa_rad,rougeL,46.68431731667026,45.47626262626263,51.71893661893662,51.71893661893662,6.242673992673986,0.0,,-1.2080546904076286
migu_lora,task1290_xsum_summarization,exact_match,0.0,0.0,0.0,0.0,0.0,0.0,0.0,
migu_lora,task002_quoref_answer_generation,exact_match,42.0,44.0,50.0,44.0,6.0,-6.0,7.0,2.0
migu_lora,task1510_evalution_relation_extraction,exact_match,0.0,0.0,56.0,25.5,56.0,-30.5,35.5,0.0
migu_lora,task1729_personachat_generate_next,exact_match,0.0,0.0,0.0,0.0,0.0,0.0,0.0,0.0
migu_lora,task748_glucose_reverse_cause_event_detection,exact_match,0.0,0.0,1.0,1.5,1.0,0.5,0.0,0.0
migu_lora,medical_mts_dialog_note,exact_match,0.0,0.0,2.0,0.5,2.0,-1.5,1.5,0.0
migu_lora,medical_iu_xray_impression,exact_match,0.0,0.0,3.5,2.5,3.5,-1.0,1.0,0.0
migu_lora,natural_vqav2,exact_match,84.0,84.5,85.5,84.5,1.0,-1.0,1.0,0.5
migu_lora,medical_vqa_rad,exact_match,43.0,42.0,48.0,48.0,6.0,0.0,,-1.0
migu_lora,task1290_xsum_summarization,token_f1,17.098909307990905,17.098909307990905,27.2475138989081,24.48605287625537,10.148604590917195,-2.7614610226527283,2.7614610226527283,
migu_lora,task002_quoref_answer_generation,token_f1,48.53435424224898,52.339430014430015,57.0965811965812,51.99420024420024,4.757151182151183,-5.102380952380955,6.2614635364635305,3.805075772181034
migu_lora,task1510_evalution_relation_extraction,token_f1,54.4469696969696,33.599999999999994,84.65238095238088,73.06190476190464,51.05238095238089,-11.590476190476238,12.819047619047694,-20.84696969696961
migu_lora,task1729_personachat_generate_next,token_f1,10.031009867652372,11.723017270528043,13.451710807498014,11.71805208988376,1.7286935369699705,-1.7336587176142544,1.7336587176142544,1.6920074028756709
migu_lora,task748_glucose_reverse_cause_event_detection,token_f1,34.412412780585235,33.027391606970966,56.86554633051689,53.11370153500459,23.838154723545927,-3.751844795512305,3.751844795512305,-1.3850211736142697
migu_lora,medical_mts_dialog_note,token_f1,22.264174885885005,17.299594026633635,19.513757819835952,13.071190590404937,2.2141637932023173,-6.442567229431015,6.442567229431015,-4.96458085925137
migu_lora,medical_iu_xray_impression,token_f1,12.327698168705282,11.398377914547185,32.045993662095796,29.117908708866665,20.647615747548613,-2.9280849532291313,2.9280849532291313,-0.9293202541580978
migu_lora,natural_vqav2,token_f1,86.1142857142857,85.86904761904762,86.36666666666666,85.36666666666666,0.49761904761903963,-1.0,1.0,-0.24523809523807927
migu_lora,medical_vqa_rad,token_f1,46.019658119658125,45.15959595959596,51.392929292929296,51.392929292929296,6.233333333333334,0.0,,-0.8600621600621636
olora,task1290_xsum_summarization,rougeL,16.07385611693547,16.07385611693547,24.91889444851759,24.84358420192361,8.84503833158212,-0.07531024659398255,0.4568318908693847,
olora,task002_quoref_answer_generation,rougeL,48.04572357467094,52.29581529581528,56.86248196248197,56.18522588522588,4.566666666666691,-0.6772560772560894,1.83256743256743,4.250091721144344
olora,task1510_evalution_relation_extraction,rougeL,49.95362970362964,30.597619047619045,87.08928571428564,84.73690476190468,56.49166666666659,-2.3523809523809547,2.3523809523809547,-19.356010656010593
olora,task1729_personachat_generate_next,rougeL,11.953888136407185,15.062594485375364,16.435163123219763,16.081021124886842,1.3725686378443989,-0.3541419983329206,0.3541419983329206,3.1087063489681785
olora,task748_glucose_reverse_cause_event_detection,rougeL,38.19186459771409,37.01035281956181,57.97443669043858,57.16525536341881,20.96408387087677,-0.8091813270197719,0.8091813270197719,-1.1815117781522773
olora,medical_mts_dialog_note,rougeL,18.42713473642623,18.258822192761485,18.765021777083042,17.3288492815642,0.506199584321557,-1.4361724955188429,1.4361724955188429,-0.16831254366474369
olora,medical_iu_xray_impression,rougeL,10.358442428962059,10.583355106961244,29.498023109968305,29.714752774066387,18.91466800300706,0.21672966409808225,0.14622030016766985,0.22491267799918546
olora,natural_vqav2,rougeL,87.19344070961719,85.55555555555554,86.91666666666666,88.41666666666666,1.3611111111111143,1.5,-1.5,-1.6378851540616495
olora,medical_vqa_rad,rougeL,46.68431731667026,45.044444444444444,50.67924297924297,50.67924297924297,5.634798534798527,0.0,,-1.6398728722258156
olora,task1290_xsum_summarization,exact_match,0.0,0.0,0.0,0.0,0.0,0.0,0.0,
olora,task002_quoref_answer_generation,exact_match,42.0,44.0,49.5,50.0,5.5,0.5,2.5,2.0
olora,task1510_evalution_relation_extraction,exact_match,0.0,0.0,63.0,57.5,63.0,-5.5,5.5,0.0
olora,task1729_personachat_generate_next,exact_match,0.0,0.0,0.0,0.0,0.0,0.0,0.0,0.0
olora,task748_glucose_reverse_cause_event_detection,exact_match,0.0,0.0,1.5,1.5,1.5,0.0,0.5,0.0
olora,medical_mts_dialog_note,exact_match,0.0,0.0,1.5,1.5,1.5,0.0,0.0,0.0
olora,medical_iu_xray_impression,exact_match,0.0,0.0,3.5,3.5,3.5,0.0,0.0,0.0
olora,natural_vqav2,exact_match,84.0,83.0,85.0,86.0,2.0,1.0,-1.0,-1.0
olora,medical_vqa_rad,exact_match,43.0,42.0,46.0,46.0,4.0,0.0,,-1.0
olora,task1290_xsum_summarization,token_f1,17.098909307990905,17.098909307990905,27.314438596930362,26.424296456647056,10.215529288939457,-0.8901421402833058,1.4893054822058254,
olora,task002_quoref_answer_generation,token_f1,48.53435424224898,52.339430014430015,56.92460317460318,56.2510545010545,4.585173160173163,-0.6735486735486802,1.7550505050505123,3.805075772181034
olora,task1510_evalution_relation_extraction,token_f1,54.4469696969696,37.602380952380955,86.99523809523804,85.0571428571428,49.39285714285708,-1.9380952380952436,1.9380952380952436,-16.84458874458865
olora,task1729_personachat_generate_next,token_f1,10.031009867652372,12.211587078540619,14.047950252524743,13.586458685483919,1.8363631739841235,-0.4614915670408237,0.4614915670408237,2.180577210888247
olora,task748_glucose_reverse_cause_event_detection,token_f1,34.412412780585235,33.74263820173952,56.07885930946859,55.796272740411354,22.336221107729074,-0.2825865690572371,0.2825865690572371,-0.6697745788457183
olora,medical_mts_dialog_note,token_f1,22.264174885885005,20.844731341469434,19.18623984264953,16.93581068150113,-1.6584914988199024,-2.2504291611484,2.2504291611484,-1.4194435444155715
olora,medical_iu_xray_impression,token_f1,12.327698168705282,12.483277598689337,29.00404421592933,29.12266134441488,16.520766617239993,0.11861712848554973,0.21072852586010526,0.15557942998405494
olora,natural_vqav2,token_f1,86.1142857142857,84.03571428571428,85.86666666666666,86.86666666666666,1.8309523809523824,1.0,-1.0,-2.078571428571422
olora,medical_vqa_rad,token_f1,46.019658119658125,44.77777777777777,50.04677544677545,50.04677544677545,5.268997668997677,0.0,,-1.2418803418803535
sapt_lora,task1290_xsum_summarization,rougeL,16.07385611693547,16.07385611693547,24.652579666997646,24.758606507473516,8.578723550062175,0.10602684047587019,0.07308696401783266,
sapt_lora,task002_quoref_answer_generation,rougeL,48.04572357467094,53.49303751803751,53.49303751803751,53.49303751803751,0.0,0.0,0.0,5.447313943366574
sapt_lora,task1510_evalution_relation_extraction,rougeL,49.95362970362964,32.61904761904761,86.58333333333324,86.41666666666659,53.96428571428563,-0.1666666666666572,0.3333333333333286,-17.334582084582024
sapt_lora,task1729_personachat_generate_next,rougeL,11.953888136407185,14.616815188808744,14.657026216582365,14.559657795529734,0.040211027773620955,-0.09736842105263044,0.1834782608695651,2.6629270524015585
sapt_lora,task748_glucose_reverse_cause_event_detection,rougeL,38.19186459771409,37.046446586442066,37.144402309435264,37.162996800771715,0.09795572299319844,0.018594491336450858,-0.018594491336450858,-1.145418011272021
sapt_lora,medical_mts_dialog_note,rougeL,18.42713473642623,18.10489878190068,18.148975490891466,18.07557369903657,0.04407670899078653,-0.07340179185489504,0.07340179185489504,-0.3222359545255493
sapt_lora,medical_iu_xray_impression,rougeL,10.358442428962059,9.954489029131436,9.95443885834601,9.928951606316353,-5.0170785424796804e-05,-0.025487252029657625,0.025487252029657625,-0.4039533998306233
sapt_lora,natural_vqav2,rougeL,87.19344070961719,86.41388888888889,86.41388888888889,86.41388888888889,0.0,0.0,0.0,-0.779551820728301
sapt_lora,medical_vqa_rad,rougeL,46.68431731667026,48.91570259805554,49.41570259805554,49.41570259805554,0.5,0.0,,2.231385281385279
sapt_lora,task1290_xsum_summarization,exact_match,0.0,0.0,0.0,0.0,0.0,0.0,0.0,
sapt_lora,task002_quoref_answer_generation,exact_match,42.0,45.5,45.5,45.5,0.0,0.0,0.0,3.5
sapt_lora,task1510_evalution_relation_extraction,exact_match,0.0,0.0,61.0,60.5,61.0,-0.5,1.0,0.0
sapt_lora,task1729_personachat_generate_next,exact_match,0.0,0.0,0.0,0.0,0.0,0.0,0.0,0.0
sapt_lora,task748_glucose_reverse_cause_event_detection,exact_match,0.0,0.0,0.0,0.0,0.0,0.0,0.0,0.0
sapt_lora,medical_mts_dialog_note,exact_match,0.0,0.0,0.0,0.0,0.0,0.0,0.0,0.0
sapt_lora,medical_iu_xray_impression,exact_match,0.0,0.0,0.0,0.0,0.0,0.0,0.0,0.0
sapt_lora,natural_vqav2,exact_match,84.0,83.5,83.5,83.5,0.0,0.0,0.0,-0.5
sapt_lora,medical_vqa_rad,exact_match,43.0,45.0,45.5,45.5,0.5,0.0,,2.0
sapt_lora,task1290_xsum_summarization,token_f1,17.098909307990905,17.098909307990905,27.046241473769918,27.200490806617037,9.947332165779013,0.15424933284711884,0.36313634576529097,
sapt_lora,task002_quoref_answer_generation,token_f1,48.53435424224898,53.53466810966811,53.53466810966811,53.53466810966811,0.0,0.0,0.0,5.0003138674191305
sapt_lora,task1510_evalution_relation_extraction,token_f1,54.4469696969696,40.41904761904762,86.49999999999991,86.33333333333324,46.0809523809523,-0.1666666666666714,0.3333333333333428,-14.027922077921986
sapt_lora,task1729_personachat_generate_next,token_f1,10.031009867652372,11.69333476824896,11.88407741913093,11.776234281876027,0.19074265088197073,-0.10784313725490335,0.15656565656565746,1.6623249005965874
sapt_lora,task748_glucose_reverse_cause_event_detection,token_f1,34.412412780585235,33.40118881733937,33.4279098799872,33.590095482332984,0.02672106264783025,0.1621856023457866,-0.1621856023457866,-1.0112239632458682
sapt_lora,medical_mts_dialog_note,token_f1,22.264174885885005,20.79462380657893,20.920434639884416,20.75838539825795,0.12581083330548637,-0.16204924162646606,0.16204924162646606,-1.4695510793060755
sapt_lora,medical_iu_xray_impression,token_f1,12.327698168705282,12.137455242518188,12.105434194092568,12.043521664150797,-0.03202104842561937,-0.061912529941771766,0.061912529941771766,-0.1902429261870946
sapt_lora,natural_vqav2,token_f1,86.1142857142857,85.11904761904763,85.11904761904763,85.11904761904763,0.0,0.0,0.0,-0.9952380952380651
sapt_lora,medical_vqa_rad,token_f1,46.019658119658125,48.21410256410257,48.71410256410257,48.71410256410257,0.5,0.0,,2.194444444444443
