method,completed_seeds,planned_seeds,status,role,macro_accuracy_mean,macro_accuracy_seed_sd,balanced_accuracy_mean,balanced_accuracy_seed_sd,acquisition_mean,acquisition_seed_sd,backward_transfer_mean,backward_transfer_seed_sd,forgetting_mean,forgetting_seed_sd
seq_lora,2,3,in_progress,本研究诊断监督的顺序LoRA / CL基准,40.47403381642512,3.134964700178317,37.63354700854701,2.9520014061773256,44.6256038647343,0.21003628766149798,-6.2273550724637685,4.387392618775228,7.812499999999999,6.629126073623882
migu_lora,2,3,in_progress,论文方法基线或容量对照,36.66478978978979,2.7079678516357184,33.85619010619011,2.6120462229145702,42.64305065935501,1.0853798271738275,-8.967391304347828,2.43388203669283,10.552536231884062,0.1921485818441734
olora,0,3,in_progress,论文方法基线或容量对照,,,,,,,,,,
sapt_lora,1,3,in_progress,论文方法基线或容量对照,38.69956913435174,,36.939911939911944,,38.69956913435174,,0.0,,0.0,
ewc_lora,0,3,in_progress,论文方法基线或容量对照,,,,,,,,,,
kd_lora,0,3,in_progress,论文方法基线或容量对照,,,,,,,,,,
medqwen,0,3,in_progress,论文方法基线或容量对照,,,,,,,,,,
moe_lora,0,3,in_progress,论文方法基线或容量对照,,,,,,,,,,
seq_capacity,0,3,in_progress,论文方法基线或容量对照,,,,,,,,,,
ra_ldl,3,3,completed,论文方法基线或容量对照,70.85944640292466,3.205453665191445,71.74846758180091,3.580535997923965,50.881588109848984,0.4719639442578121,29.96678743961353,5.4087414555731295,0.6944444444444452,1.2028130608117218
own_inc_readout,1,1,completed,本研究：增量线性读出（确定性）,70.19356312834573,,70.50634550634551,,69.46892544718632,,1.0869565217391255,,1.0416666666666714,
