method,seed,stage,epoch,task,condition,n,accuracy,balanced_accuracy,strict_first_token_accuracy,all_seen_accuracy
seq_lora,42,0,,ISIC2019,image,48,25.0,23.076923076923077,25.0,
seq_lora,42,0,,Retinal OCT-C8,image,46,28.26086956521739,27.27272727272727,28.26086956521739,
seq_lora,42,0,,Fitzpatrick 17k,image,37,32.432432432432435,29.594017094017094,32.432432432432435,
seq_lora,42,1,,ISIC2019,image,48,50.0,47.008547008547005,50.0,
seq_lora,42,1,,Retinal OCT-C8,image,46,28.26086956521739,27.27272727272727,28.26086956521739,
seq_lora,42,1,,Fitzpatrick 17k,image,37,32.432432432432435,30.982905982905983,32.432432432432435,
seq_lora,42,2,,ISIC2019,image,48,54.166666666666664,50.85470085470085,54.166666666666664,
seq_lora,42,2,,Retinal OCT-C8,image,46,34.78260869565217,34.28030303030303,34.78260869565217,
seq_lora,42,2,,Fitzpatrick 17k,image,37,35.13513513513514,33.76068376068376,35.13513513513514,
seq_lora,42,3,,ISIC2019,image,48,29.166666666666668,26.923076923076927,29.166666666666668,
seq_lora,42,3,,Retinal OCT-C8,image,46,36.95652173913043,36.553030303030305,36.95652173913043,
seq_lora,42,3,,Fitzpatrick 17k,image,37,48.64864864864865,43.162393162393165,48.64864864864865,
seq_lora,43,0,,ISIC2019,image,48,25.0,23.076923076923077,25.0,
seq_lora,43,0,,Retinal OCT-C8,image,46,28.26086956521739,27.27272727272727,28.26086956521739,
seq_lora,43,0,,Fitzpatrick 17k,image,37,32.432432432432435,29.594017094017094,32.432432432432435,
seq_lora,43,1,,ISIC2019,image,48,41.66666666666667,38.46153846153847,41.66666666666667,
seq_lora,43,1,,Retinal OCT-C8,image,46,28.26086956521739,27.27272727272727,28.26086956521739,
seq_lora,43,1,,Fitzpatrick 17k,image,37,35.13513513513514,33.76068376068376,35.13513513513514,
seq_lora,43,2,,ISIC2019,image,48,37.5,34.61538461538461,37.5,
seq_lora,43,2,,Retinal OCT-C8,image,46,41.30434782608695,41.09848484848485,41.30434782608695,
seq_lora,43,2,,Fitzpatrick 17k,image,37,35.13513513513514,33.76068376068376,35.13513513513514,
seq_lora,43,3,,ISIC2019,image,48,35.41666666666667,32.69230769230769,35.41666666666667,
seq_lora,43,3,,Retinal OCT-C8,image,46,41.30434782608695,40.53030303030303,41.30434782608695,
seq_lora,43,3,,Fitzpatrick 17k,image,37,51.35135135135135,45.94017094017094,51.35135135135135,
seq_lora,44,0,,ISIC2019,image,48,25.0,23.076923076923077,25.0,
seq_lora,44,0,,Retinal OCT-C8,image,46,28.26086956521739,27.27272727272727,28.26086956521739,
seq_lora,44,0,,Fitzpatrick 17k,image,37,32.432432432432435,29.594017094017094,32.432432432432435,
migu_lora,42,0,,ISIC2019,image,48,25.0,23.076923076923077,25.0,
migu_lora,42,0,,Retinal OCT-C8,image,46,28.26086956521739,27.27272727272727,28.26086956521739,
migu_lora,42,0,,Fitzpatrick 17k,image,37,32.432432432432435,29.594017094017094,32.432432432432435,
migu_lora,42,1,,ISIC2019,image,48,47.91666666666667,45.085470085470085,47.91666666666667,
migu_lora,42,1,,Retinal OCT-C8,image,46,28.26086956521739,27.27272727272727,28.26086956521739,
migu_lora,42,1,,Fitzpatrick 17k,image,37,32.432432432432435,30.982905982905983,32.432432432432435,
migu_lora,42,2,,ISIC2019,image,48,52.083333333333336,48.93162393162393,52.083333333333336,
migu_lora,42,2,,Retinal OCT-C8,image,46,28.26086956521739,27.46212121212121,28.26086956521739,
migu_lora,42,2,,Fitzpatrick 17k,image,37,35.13513513513514,33.76068376068376,35.13513513513514,
migu_lora,42,3,,ISIC2019,image,48,31.25,28.84615384615385,31.25,
migu_lora,42,3,,Retinal OCT-C8,image,46,30.434782608695656,29.545454545454547,30.434782608695656,
migu_lora,42,3,,Fitzpatrick 17k,image,37,54.054054054054056,48.71794871794872,54.054054054054056,
migu_lora,43,0,,ISIC2019,image,48,25.0,23.076923076923077,25.0,
migu_lora,43,0,,Retinal OCT-C8,image,46,28.26086956521739,27.27272727272727,28.26086956521739,
migu_lora,43,0,,Fitzpatrick 17k,image,37,32.432432432432435,29.594017094017094,32.432432432432435,
migu_lora,43,1,,ISIC2019,image,48,41.66666666666667,38.46153846153847,41.66666666666667,
migu_lora,43,1,,Retinal OCT-C8,image,46,28.26086956521739,27.27272727272727,28.26086956521739,
migu_lora,43,1,,Fitzpatrick 17k,image,37,35.13513513513514,33.76068376068376,35.13513513513514,
migu_lora,43,2,,ISIC2019,image,48,39.58333333333333,36.53846153846154,39.58333333333333,
migu_lora,43,2,,Retinal OCT-C8,image,46,32.608695652173914,32.38636363636363,32.608695652173914,
migu_lora,43,2,,Fitzpatrick 17k,image,37,35.13513513513514,33.76068376068376,35.13513513513514,
migu_lora,43,3,,ISIC2019,image,48,33.33333333333333,30.76923076923077,33.33333333333333,
migu_lora,43,3,,Retinal OCT-C8,image,46,19.565217391304348,19.318181818181817,19.565217391304348,
migu_lora,43,3,,Fitzpatrick 17k,image,37,51.35135135135135,45.940170940170944,51.35135135135135,
migu_lora,44,0,,ISIC2019,image,48,25.0,23.076923076923077,25.0,
migu_lora,44,0,,Retinal OCT-C8,image,46,28.26086956521739,27.27272727272727,28.26086956521739,
migu_lora,44,0,,Fitzpatrick 17k,image,37,32.432432432432435,29.594017094017094,32.432432432432435,
migu_lora,44,1,,ISIC2019,image,48,50.0,47.008547008547005,50.0,
migu_lora,44,1,,Retinal OCT-C8,image,46,28.26086956521739,27.27272727272727,28.26086956521739,
migu_lora,44,1,,Fitzpatrick 17k,image,37,35.13513513513514,33.76068376068376,35.13513513513514,
sapt_lora,42,0,,ISIC2019,image,48,25.0,23.076923076923077,25.0,
sapt_lora,42,0,,Retinal OCT-C8,image,46,28.26086956521739,27.27272727272727,28.26086956521739,
sapt_lora,42,0,,Fitzpatrick 17k,image,37,32.432432432432435,29.594017094017094,32.432432432432435,
sapt_lora,42,1,,ISIC2019,image,48,50.0,47.008547008547005,50.0,
sapt_lora,42,1,,Retinal OCT-C8,image,46,28.26086956521739,27.27272727272727,28.26086956521739,
sapt_lora,42,1,,Fitzpatrick 17k,image,37,37.83783783783784,36.53846153846154,37.83783783783784,
sapt_lora,42,2,,ISIC2019,image,48,47.91666666666667,45.085470085470085,47.91666666666667,
sapt_lora,42,2,,Retinal OCT-C8,image,46,28.26086956521739,27.27272727272727,28.26086956521739,
sapt_lora,42,2,,Fitzpatrick 17k,image,37,37.83783783783784,36.53846153846154,37.83783783783784,
sapt_lora,42,3,,ISIC2019,image,48,50.0,47.008547008547005,50.0,
sapt_lora,42,3,,Retinal OCT-C8,image,46,28.26086956521739,27.27272727272727,28.26086956521739,
sapt_lora,42,3,,Fitzpatrick 17k,image,37,37.83783783783784,36.53846153846154,37.83783783783784,
sapt_lora,43,0,,ISIC2019,image,48,25.0,23.076923076923077,25.0,
sapt_lora,43,0,,Retinal OCT-C8,image,46,28.26086956521739,27.27272727272727,28.26086956521739,
sapt_lora,43,0,,Fitzpatrick 17k,image,37,32.432432432432435,29.594017094017094,32.432432432432435,
sapt_lora,43,1,,ISIC2019,image,48,43.75,40.38461538461539,43.75,
sapt_lora,43,1,,Retinal OCT-C8,image,46,28.26086956521739,27.27272727272727,28.26086956521739,
sapt_lora,43,1,,Fitzpatrick 17k,image,37,37.83783783783784,36.53846153846154,37.83783783783784,
medqwen,42,0,,ISIC2019,image,48,25.0,23.076923076923077,25.0,
medqwen,42,0,,Retinal OCT-C8,image,46,28.26086956521739,27.27272727272727,28.26086956521739,
medqwen,42,0,,Fitzpatrick 17k,image,37,32.432432432432435,29.594017094017094,32.432432432432435,
medqwen,42,1,,ISIC2019,image,48,47.91666666666667,45.085470085470085,47.91666666666667,
medqwen,42,1,,Retinal OCT-C8,image,46,28.26086956521739,27.27272727272727,28.26086956521739,
medqwen,42,1,,Fitzpatrick 17k,image,37,35.13513513513514,33.76068376068376,35.13513513513514,
ra_ldl,42,1,,ISIC2019,image,48,41.66666666666667,38.46153846153846,,41.66666666666667
ra_ldl,42,1,,Retinal OCT-C8,image,46,26.08695652173913,25.0,,0.0
ra_ldl,42,1,,Fitzpatrick 17k,image,37,16.216216216216218,25.0,,0.0
ra_ldl,42,2,,ISIC2019,image,48,41.66666666666667,38.46153846153846,,41.66666666666667
ra_ldl,42,2,,Retinal OCT-C8,image,46,26.08695652173913,25.0,,26.08695652173913
ra_ldl,42,2,,Fitzpatrick 17k,image,37,16.216216216216218,25.0,,0.0
ra_ldl,42,3,,ISIC2019,image,48,37.5,38.034188034188034,,37.5
ra_ldl,42,3,,Retinal OCT-C8,image,46,78.26086956521739,78.03030303030303,,78.26086956521739
ra_ldl,42,3,,Fitzpatrick 17k,image,37,86.48648648648648,87.28632478632478,,86.48648648648648
ra_ldl,43,1,,ISIC2019,image,48,39.58333333333333,36.53846153846154,,39.58333333333333
ra_ldl,43,1,,Retinal OCT-C8,image,46,26.08695652173913,25.0,,0.0
ra_ldl,43,1,,Fitzpatrick 17k,image,37,16.216216216216218,25.0,,0.0
ra_ldl,43,2,,ISIC2019,image,48,43.75,40.38461538461539,,43.75
ra_ldl,43,2,,Retinal OCT-C8,image,46,26.08695652173913,25.0,,26.08695652173913
ra_ldl,43,2,,Fitzpatrick 17k,image,37,16.216216216216218,25.0,,0.0
ra_ldl,43,3,,ISIC2019,image,48,50.0,50.427350427350426,,50.0
ra_ldl,43,3,,Retinal OCT-C8,image,46,84.78260869565217,84.28030303030303,,84.78260869565217
ra_ldl,43,3,,Fitzpatrick 17k,image,37,86.48648648648648,89.52991452991452,,86.48648648648648
ra_ldl,44,1,,ISIC2019,image,48,41.66666666666667,38.46153846153846,,41.66666666666667
ra_ldl,44,1,,Retinal OCT-C8,image,46,26.08695652173913,25.0,,0.0
ra_ldl,44,1,,Fitzpatrick 17k,image,37,16.216216216216218,25.0,,0.0
ra_ldl,44,2,,ISIC2019,image,48,45.83333333333333,42.30769230769231,,45.83333333333333
ra_ldl,44,2,,Retinal OCT-C8,image,46,26.08695652173913,25.0,,26.08695652173913
ra_ldl,44,2,,Fitzpatrick 17k,image,37,16.216216216216218,25.0,,0.0
ra_ldl,44,3,,ISIC2019,image,48,50.0,50.427350427350426,,47.91666666666667
ra_ldl,44,3,,Retinal OCT-C8,image,46,80.43478260869566,80.11363636363636,,80.43478260869566
ra_ldl,44,3,,Fitzpatrick 17k,image,37,83.78378378378379,87.6068376068376,,83.78378378378379
own_inc_readout,42,1,,ISIC2019,image,48,45.83333333333333,46.58119658119658,,45.83333333333333
own_inc_readout,42,1,,Retinal OCT-C8,image,46,26.08695652173913,25.0,,0.0
own_inc_readout,42,1,,Fitzpatrick 17k,image,37,16.216216216216218,25.0,,0.0
own_inc_readout,42,2,,ISIC2019,image,48,47.91666666666667,48.50427350427351,,47.91666666666667
own_inc_readout,42,2,,Retinal OCT-C8,image,46,76.08695652173914,75.56818181818181,,76.08695652173914
own_inc_readout,42,2,,Fitzpatrick 17k,image,37,16.216216216216218,25.0,,0.0
own_inc_readout,42,3,,ISIC2019,image,48,45.83333333333333,46.58119658119658,,41.66666666666667
own_inc_readout,42,3,,Retinal OCT-C8,image,46,78.26086956521739,77.65151515151516,,78.26086956521739
own_inc_readout,42,3,,Fitzpatrick 17k,image,37,86.48648648648648,87.28632478632478,,86.48648648648648
