method,stage,group,count,accuracy
seq_lora,0,medical,96,56.25
seq_lora,0,general,102,54.90196078431372
seq_lora,1,medical,96,58.333333333333336
seq_lora,1,general,102,52.94117647058823
seq_lora,2,medical,96,60.416666666666664
seq_lora,2,general,102,53.92156862745098
seq_lora,3,medical,96,60.416666666666664
seq_lora,3,general,102,52.94117647058823
seq_lora,4,medical,96,61.458333333333336
seq_lora,4,general,102,53.92156862745098
seq_lora,5,medical,96,61.458333333333336
seq_lora,5,general,102,53.92156862745098
migu_lora,0,medical,96,56.25
migu_lora,0,general,102,54.90196078431372
migu_lora,1,medical,96,58.333333333333336
migu_lora,1,general,102,51.96078431372549
migu_lora,2,medical,96,57.291666666666664
migu_lora,2,general,102,51.96078431372549
migu_lora,3,medical,96,59.375
migu_lora,3,general,102,51.96078431372549
migu_lora,4,medical,96,59.375
migu_lora,4,general,102,50.98039215686274
migu_lora,5,medical,96,60.416666666666664
migu_lora,5,general,102,50.98039215686274
olora,0,medical,96,56.25
olora,0,general,102,54.90196078431372
olora,1,medical,96,58.333333333333336
olora,1,general,102,51.96078431372549
olora,2,medical,96,58.333333333333336
olora,2,general,102,51.96078431372549
olora,3,medical,96,58.333333333333336
olora,3,general,102,52.94117647058823
olora,4,medical,96,58.333333333333336
olora,4,general,102,54.90196078431372
olora,5,medical,96,58.333333333333336
olora,5,general,102,53.92156862745098
sapt_lora,0,medical,96,56.25
sapt_lora,0,general,102,54.90196078431372
sapt_lora,1,medical,96,58.333333333333336
sapt_lora,1,general,102,52.94117647058823
sapt_lora,2,medical,96,58.333333333333336
sapt_lora,2,general,102,52.94117647058823
sapt_lora,3,medical,96,58.333333333333336
sapt_lora,3,general,102,52.94117647058823
sapt_lora,4,medical,96,58.333333333333336
sapt_lora,4,general,102,52.94117647058823
sapt_lora,5,medical,96,58.333333333333336
sapt_lora,5,general,102,52.94117647058823
