method,stage,current_training_task,old_test_task,test_count,before_accuracy,after_accuracy,change_pp
seq_lora,2,medical_medqa,medical_medmcqa,200,45.0,44.0,-1.0
seq_lora,3,medical_vqa_rad_chest,medical_medmcqa,200,44.0,44.5,0.5
seq_lora,3,medical_vqa_rad_chest,medical_medqa,200,48.0,48.0,0.0
seq_lora,4,medical_vqa_rad_head,medical_medmcqa,200,44.5,44.5,0.0
seq_lora,4,medical_vqa_rad_head,medical_medqa,200,48.0,47.0,-1.0
seq_lora,4,medical_vqa_rad_head,medical_vqa_rad_chest,91,43.956043956043956,48.35164835164835,4.395604395604394
seq_lora,5,medical_vqa_rad_abd,medical_medmcqa,200,44.5,44.5,0.0
seq_lora,5,medical_vqa_rad_abd,medical_medqa,200,47.0,48.0,1.0
seq_lora,5,medical_vqa_rad_abd,medical_vqa_rad_chest,91,48.35164835164835,46.15384615384615,-2.197802197802197
seq_lora,5,medical_vqa_rad_abd,medical_vqa_rad_head,50,46.0,54.0,8.0
migu_lora,2,medical_medqa,medical_medmcqa,200,44.5,45.5,1.0
migu_lora,3,medical_vqa_rad_chest,medical_medmcqa,200,45.5,46.0,0.5
migu_lora,3,medical_vqa_rad_chest,medical_medqa,200,48.0,48.5,0.5
migu_lora,4,medical_vqa_rad_head,medical_medmcqa,200,46.0,46.5,0.5
migu_lora,4,medical_vqa_rad_head,medical_medqa,200,48.5,48.5,0.0
migu_lora,4,medical_vqa_rad_head,medical_vqa_rad_chest,91,41.75824175824176,41.75824175824176,0.0
migu_lora,5,medical_vqa_rad_abd,medical_medmcqa,200,46.5,46.5,0.0
migu_lora,5,medical_vqa_rad_abd,medical_medqa,200,48.5,49.0,0.5
migu_lora,5,medical_vqa_rad_abd,medical_vqa_rad_chest,91,41.75824175824176,42.857142857142854,1.098901098901095
migu_lora,5,medical_vqa_rad_abd,medical_vqa_rad_head,50,50.0,52.0,2.0
olora,2,medical_medqa,medical_medmcqa,200,45.0,45.0,0.0
olora,3,medical_vqa_rad_chest,medical_medmcqa,200,45.0,44.0,-1.0
olora,3,medical_vqa_rad_chest,medical_medqa,200,48.0,47.5,-0.5
olora,4,medical_vqa_rad_head,medical_medmcqa,200,44.0,44.5,0.5
olora,4,medical_vqa_rad_head,medical_medqa,200,47.5,47.5,0.0
olora,4,medical_vqa_rad_head,medical_vqa_rad_chest,91,42.857142857142854,47.252747252747255,4.395604395604401
olora,5,medical_vqa_rad_abd,medical_medmcqa,200,44.5,45.0,0.5
olora,5,medical_vqa_rad_abd,medical_medqa,200,47.5,48.0,0.5
olora,5,medical_vqa_rad_abd,medical_vqa_rad_chest,91,47.252747252747255,43.956043956043956,-3.296703296703299
olora,5,medical_vqa_rad_abd,medical_vqa_rad_head,50,48.0,56.0,8.0
sapt_lora,2,medical_medqa,medical_medmcqa,200,45.0,44.5,-0.5
sapt_lora,3,medical_vqa_rad_chest,medical_medmcqa,200,44.5,44.5,0.0
sapt_lora,3,medical_vqa_rad_chest,medical_medqa,200,46.5,47.0,0.5
sapt_lora,4,medical_vqa_rad_head,medical_medmcqa,200,44.5,45.0,0.5
sapt_lora,4,medical_vqa_rad_head,medical_medqa,200,47.0,46.5,-0.5
sapt_lora,4,medical_vqa_rad_head,medical_vqa_rad_chest,91,41.75824175824176,41.75824175824176,0.0
sapt_lora,5,medical_vqa_rad_abd,medical_medmcqa,200,45.0,45.0,0.0
sapt_lora,5,medical_vqa_rad_abd,medical_medqa,200,46.5,47.0,0.5
sapt_lora,5,medical_vqa_rad_abd,medical_vqa_rad_chest,91,41.75824175824176,41.75824175824176,0.0
sapt_lora,5,medical_vqa_rad_abd,medical_vqa_rad_head,50,52.0,52.0,0.0
