method,stage,current_training_task,before_stage,after_stage,old_test_tasks,old_test_questions,old_task_macro_before,old_task_macro_after,old_task_delta_pp
seq_lora,2,medical_medqa,1,2,medical_medmcqa,200,45.0,44.0,-1.0
seq_lora,3,medical_vqa_rad_chest,2,3,medical_medmcqa ; medical_medqa,400,46.0,46.25,0.25
seq_lora,4,medical_vqa_rad_head,3,4,medical_medmcqa ; medical_medqa ; medical_vqa_rad_chest,491,45.48534798534799,46.61721611721612,1.1318681318681314
seq_lora,5,medical_vqa_rad_abd,4,5,medical_medmcqa ; medical_medqa ; medical_vqa_rad_chest ; medical_vqa_rad_head,541,46.46291208791209,48.16346153846154,1.7005494505494507
migu_lora,2,medical_medqa,1,2,medical_medmcqa,200,44.5,45.5,1.0
migu_lora,3,medical_vqa_rad_chest,2,3,medical_medmcqa ; medical_medqa,400,46.75,47.25,0.5
migu_lora,4,medical_vqa_rad_head,3,4,medical_medmcqa ; medical_medqa ; medical_vqa_rad_chest,491,45.41941391941392,45.586080586080584,0.16666666666666666
migu_lora,5,medical_vqa_rad_abd,4,5,medical_medmcqa ; medical_medqa ; medical_vqa_rad_chest ; medical_vqa_rad_head,541,46.68956043956044,47.589285714285715,0.8997252747252737
olora,2,medical_medqa,1,2,medical_medmcqa,200,45.0,45.0,0.0
olora,3,medical_vqa_rad_chest,2,3,medical_medmcqa ; medical_medqa,400,46.5,45.75,-0.75
olora,4,medical_vqa_rad_head,3,4,medical_medmcqa ; medical_medqa ; medical_vqa_rad_chest,491,44.785714285714285,46.41758241758242,1.6318681318681338
olora,5,medical_vqa_rad_abd,4,5,medical_medmcqa ; medical_medqa ; medical_vqa_rad_chest ; medical_vqa_rad_head,541,46.81318681318682,48.23901098901099,1.4258241758241752
sapt_lora,2,medical_medqa,1,2,medical_medmcqa,200,45.0,44.5,-0.5
sapt_lora,3,medical_vqa_rad_chest,2,3,medical_medmcqa ; medical_medqa,400,45.5,45.75,0.25
sapt_lora,4,medical_vqa_rad_head,3,4,medical_medmcqa ; medical_medqa ; medical_vqa_rad_chest,491,44.41941391941392,44.41941391941392,0.0
sapt_lora,5,medical_vqa_rad_abd,4,5,medical_medmcqa ; medical_medqa ; medical_vqa_rad_chest ; medical_vqa_rad_head,541,46.31456043956044,46.43956043956044,0.125
