method,stage,learned_task,task,exact_match,token_f1,rougeL,count
seq_lora,0,base,medical_medmcqa,43.0,43.0,43.0,200
seq_lora,0,base,medical_medqa,45.5,45.5,45.5,200
seq_lora,0,base,medical_vqa_rad_chest,41.75824175824176,47.40068844464448,47.872869427491274,91
seq_lora,0,base,medical_vqa_rad_head,52.0,55.88547008547009,56.04481792717087,50
seq_lora,0,base,medical_vqa_rad_abd,35.59322033898305,35.59322033898305,36.56981436642454,59
seq_lora,1,medical_medmcqa,medical_medmcqa,45.0,45.0,45.0,200
seq_lora,1,medical_medmcqa,medical_medqa,47.5,47.5,47.5,200
seq_lora,1,medical_medmcqa,medical_vqa_rad_chest,42.857142857142854,48.49958954354559,48.97177052639237,91
seq_lora,1,medical_medmcqa,medical_vqa_rad_head,52.0,55.88547008547009,56.04481792717087,50
seq_lora,1,medical_medmcqa,medical_vqa_rad_abd,35.59322033898305,35.59322033898305,36.56981436642454,59
seq_lora,2,medical_medqa,medical_medmcqa,44.0,44.0,44.0,200
seq_lora,2,medical_medqa,medical_medqa,48.0,48.0,48.0,200
seq_lora,2,medical_medqa,medical_vqa_rad_chest,42.857142857142854,48.49958954354559,48.97177052639237,91
seq_lora,2,medical_medqa,medical_vqa_rad_head,52.0,54.88547008547009,55.24481792717087,50
seq_lora,2,medical_medqa,medical_vqa_rad_abd,35.59322033898305,35.59322033898305,36.52945924132365,59
seq_lora,3,medical_vqa_rad_chest,medical_medmcqa,44.5,44.5,44.5,200
seq_lora,3,medical_vqa_rad_chest,medical_medqa,48.0,48.0,48.0,200
seq_lora,3,medical_vqa_rad_chest,medical_vqa_rad_chest,43.956043956043956,51.022311022311015,52.047952047952045,91
seq_lora,3,medical_vqa_rad_chest,medical_vqa_rad_head,42.0,45.720634920634915,45.58730158730158,50
seq_lora,3,medical_vqa_rad_chest,medical_vqa_rad_abd,44.067796610169495,44.067796610169495,44.067796610169495,59
seq_lora,4,medical_vqa_rad_head,medical_medmcqa,44.5,44.5,44.5,200
seq_lora,4,medical_vqa_rad_head,medical_medqa,47.0,47.0,47.0,200
seq_lora,4,medical_vqa_rad_head,medical_vqa_rad_chest,48.35164835164835,54.76190476190476,55.78754578754578,91
seq_lora,4,medical_vqa_rad_head,medical_vqa_rad_head,46.0,48.977777777777774,49.45569985569985,50
seq_lora,4,medical_vqa_rad_head,medical_vqa_rad_abd,38.983050847457626,38.983050847457626,38.983050847457626,59
seq_lora,5,medical_vqa_rad_abd,medical_medmcqa,44.5,44.5,44.5,200
seq_lora,5,medical_vqa_rad_abd,medical_medqa,48.0,48.0,48.0,200
seq_lora,5,medical_vqa_rad_abd,medical_vqa_rad_chest,46.15384615384615,53.40326340326341,54.42890442890443,91
seq_lora,5,medical_vqa_rad_abd,medical_vqa_rad_head,54.0,57.977777777777774,58.45569985569985,50
seq_lora,5,medical_vqa_rad_abd,medical_vqa_rad_abd,47.45762711864407,47.45762711864407,47.45762711864407,59
migu_lora,0,base,medical_medmcqa,43.0,43.0,43.0,200
migu_lora,0,base,medical_medqa,45.5,45.5,45.5,200
migu_lora,0,base,medical_vqa_rad_chest,41.75824175824176,47.40068844464448,47.872869427491274,91
migu_lora,0,base,medical_vqa_rad_head,52.0,55.88547008547009,56.04481792717087,50
migu_lora,0,base,medical_vqa_rad_abd,35.59322033898305,35.59322033898305,36.56981436642454,59
migu_lora,1,medical_medmcqa,medical_medmcqa,44.5,44.5,44.5,200
migu_lora,1,medical_medmcqa,medical_medqa,48.0,48.0,48.0,200
migu_lora,1,medical_medmcqa,medical_vqa_rad_chest,41.75824175824176,47.40068844464448,47.872869427491274,91
migu_lora,1,medical_medmcqa,medical_vqa_rad_head,52.0,55.88547008547009,56.04481792717087,50
migu_lora,1,medical_medmcqa,medical_vqa_rad_abd,35.59322033898305,35.59322033898305,36.56981436642454,59
migu_lora,2,medical_medqa,medical_medmcqa,45.5,45.5,45.5,200
migu_lora,2,medical_medqa,medical_medqa,48.0,48.0,48.0,200
migu_lora,2,medical_medqa,medical_vqa_rad_chest,42.857142857142854,48.49958954354559,48.97177052639237,91
migu_lora,2,medical_medqa,medical_vqa_rad_head,52.0,54.88547008547009,55.24481792717087,50
migu_lora,2,medical_medqa,medical_vqa_rad_abd,35.59322033898305,35.59322033898305,36.56981436642454,59
migu_lora,3,medical_vqa_rad_chest,medical_medmcqa,46.0,46.0,46.0,200
migu_lora,3,medical_vqa_rad_chest,medical_medqa,48.5,48.5,48.5,200
migu_lora,3,medical_vqa_rad_chest,medical_vqa_rad_chest,41.75824175824176,48.19949281487742,49.23507864684335,91
migu_lora,3,medical_vqa_rad_chest,medical_vqa_rad_head,54.0,56.62222222222222,56.967521367521364,50
migu_lora,3,medical_vqa_rad_chest,medical_vqa_rad_abd,38.983050847457626,39.40677966101695,40.086090933548554,59
migu_lora,4,medical_vqa_rad_head,medical_medmcqa,46.5,46.5,46.5,200
migu_lora,4,medical_vqa_rad_head,medical_medqa,48.5,48.5,48.5,200
migu_lora,4,medical_vqa_rad_head,medical_vqa_rad_chest,41.75824175824176,47.69230769230769,48.71794871794872,91
migu_lora,4,medical_vqa_rad_head,medical_vqa_rad_head,50.0,53.720634920634915,53.58730158730158,50
migu_lora,4,medical_vqa_rad_head,medical_vqa_rad_abd,40.67796610169491,40.67796610169491,40.67796610169491,59
migu_lora,5,medical_vqa_rad_abd,medical_medmcqa,46.5,46.5,46.5,200
migu_lora,5,medical_vqa_rad_abd,medical_medqa,49.0,49.0,49.0,200
migu_lora,5,medical_vqa_rad_abd,medical_vqa_rad_chest,42.857142857142854,50.47286047286046,50.619380619380614,91
migu_lora,5,medical_vqa_rad_abd,medical_vqa_rad_head,52.0,55.720634920634915,55.58730158730158,50
migu_lora,5,medical_vqa_rad_abd,medical_vqa_rad_abd,44.067796610169495,44.067796610169495,44.067796610169495,59
olora,0,base,medical_medmcqa,43.0,43.0,43.0,200
olora,0,base,medical_medqa,45.5,45.5,45.5,200
olora,0,base,medical_vqa_rad_chest,41.75824175824176,47.40068844464448,47.872869427491274,91
olora,0,base,medical_vqa_rad_head,52.0,55.88547008547009,56.04481792717087,50
olora,0,base,medical_vqa_rad_abd,35.59322033898305,35.59322033898305,36.56981436642454,59
olora,1,medical_medmcqa,medical_medmcqa,45.0,45.0,45.0,200
olora,1,medical_medmcqa,medical_medqa,48.0,48.0,48.0,200
olora,1,medical_medmcqa,medical_vqa_rad_chest,41.75824175824176,47.40068844464448,47.872869427491274,91
olora,1,medical_medmcqa,medical_vqa_rad_head,52.0,55.88547008547009,56.04481792717087,50
olora,1,medical_medmcqa,medical_vqa_rad_abd,35.59322033898305,35.59322033898305,36.56981436642454,59
olora,2,medical_medqa,medical_medmcqa,45.0,45.0,45.0,200
olora,2,medical_medqa,medical_medqa,48.0,48.0,48.0,200
olora,2,medical_medqa,medical_vqa_rad_chest,42.857142857142854,48.49958954354559,48.97177052639237,91
olora,2,medical_medqa,medical_vqa_rad_head,52.0,54.88547008547009,55.24481792717087,50
olora,2,medical_medqa,medical_vqa_rad_abd,35.59322033898305,35.59322033898305,36.52945924132365,59
olora,3,medical_vqa_rad_chest,medical_medmcqa,44.0,44.0,44.0,200
olora,3,medical_vqa_rad_chest,medical_medqa,47.5,47.5,47.5,200
olora,3,medical_vqa_rad_chest,medical_vqa_rad_chest,42.857142857142854,48.79120879120879,49.816849816849825,91
olora,3,medical_vqa_rad_chest,medical_vqa_rad_head,48.0,51.720634920634915,51.58730158730158,50
olora,3,medical_vqa_rad_chest,medical_vqa_rad_abd,40.67796610169491,40.67796610169491,41.16222760290557,59
olora,4,medical_vqa_rad_head,medical_medmcqa,44.5,44.5,44.5,200
olora,4,medical_vqa_rad_head,medical_medqa,47.5,47.5,47.5,200
olora,4,medical_vqa_rad_head,medical_vqa_rad_chest,47.252747252747255,53.91941391941392,54.94505494505494,91
olora,4,medical_vqa_rad_head,medical_vqa_rad_head,48.0,50.577777777777776,51.09206349206349,50
olora,4,medical_vqa_rad_head,medical_vqa_rad_abd,42.3728813559322,42.3728813559322,42.3728813559322,59
olora,5,medical_vqa_rad_abd,medical_medmcqa,45.0,45.0,45.0,200
olora,5,medical_vqa_rad_abd,medical_medqa,48.0,48.0,48.0,200
olora,5,medical_vqa_rad_abd,medical_vqa_rad_chest,43.956043956043956,51.022311022311015,52.047952047952045,91
olora,5,medical_vqa_rad_abd,medical_vqa_rad_head,56.0,58.92063492063491,58.634920634920626,50
olora,5,medical_vqa_rad_abd,medical_vqa_rad_abd,45.76271186440678,45.76271186440678,45.76271186440678,59
sapt_lora,0,base,medical_medmcqa,43.0,43.0,43.0,200
sapt_lora,0,base,medical_medqa,45.5,45.5,45.5,200
sapt_lora,0,base,medical_vqa_rad_chest,41.75824175824176,47.40068844464448,47.872869427491274,91
sapt_lora,0,base,medical_vqa_rad_head,52.0,55.88547008547009,56.04481792717087,50
sapt_lora,0,base,medical_vqa_rad_abd,35.59322033898305,35.59322033898305,36.56981436642454,59
sapt_lora,1,medical_medmcqa,medical_medmcqa,45.0,45.0,45.0,200
sapt_lora,1,medical_medmcqa,medical_medqa,47.0,47.0,47.0,200
sapt_lora,1,medical_medmcqa,medical_vqa_rad_chest,41.75824175824176,47.29079833475437,47.689719244341084,91
sapt_lora,1,medical_medmcqa,medical_vqa_rad_head,52.0,55.88547008547009,56.04481792717087,50
sapt_lora,1,medical_medmcqa,medical_vqa_rad_abd,35.59322033898305,35.59322033898305,36.56981436642454,59
sapt_lora,2,medical_medqa,medical_medmcqa,44.5,44.5,44.5,200
sapt_lora,2,medical_medqa,medical_medqa,46.5,46.5,46.5,200
sapt_lora,2,medical_medqa,medical_vqa_rad_chest,41.75824175824176,47.29079833475437,47.689719244341084,91
sapt_lora,2,medical_medqa,medical_vqa_rad_head,52.0,55.88547008547009,56.04481792717087,50
sapt_lora,2,medical_medqa,medical_vqa_rad_abd,35.59322033898305,35.59322033898305,36.56981436642454,59
sapt_lora,3,medical_vqa_rad_chest,medical_medmcqa,44.5,44.5,44.5,200
sapt_lora,3,medical_vqa_rad_chest,medical_medqa,47.0,47.0,47.0,200
sapt_lora,3,medical_vqa_rad_chest,medical_vqa_rad_chest,41.75824175824176,47.29079833475437,47.689719244341084,91
sapt_lora,3,medical_vqa_rad_chest,medical_vqa_rad_head,52.0,55.88547008547009,56.04481792717087,50
sapt_lora,3,medical_vqa_rad_chest,medical_vqa_rad_abd,35.59322033898305,35.59322033898305,36.56981436642454,59
sapt_lora,4,medical_vqa_rad_head,medical_medmcqa,45.0,45.0,45.0,200
sapt_lora,4,medical_vqa_rad_head,medical_medqa,46.5,46.5,46.5,200
sapt_lora,4,medical_vqa_rad_head,medical_vqa_rad_chest,41.75824175824176,47.29079833475437,47.689719244341084,91
sapt_lora,4,medical_vqa_rad_head,medical_vqa_rad_head,52.0,55.88547008547009,56.04481792717087,50
sapt_lora,4,medical_vqa_rad_head,medical_vqa_rad_abd,35.59322033898305,35.59322033898305,36.56981436642454,59
sapt_lora,5,medical_vqa_rad_abd,medical_medmcqa,45.0,45.0,45.0,200
sapt_lora,5,medical_vqa_rad_abd,medical_medqa,47.0,47.0,47.0,200
sapt_lora,5,medical_vqa_rad_abd,medical_vqa_rad_chest,41.75824175824176,47.29079833475437,47.689719244341084,91
sapt_lora,5,medical_vqa_rad_abd,medical_vqa_rad_head,52.0,55.88547008547009,56.04481792717087,50
sapt_lora,5,medical_vqa_rad_abd,medical_vqa_rad_abd,35.59322033898305,35.59322033898305,36.56981436642454,59
